 ,
敏感词,Sensitive Word
天降伟人,
奴隶制,
千秋万载,
五百年,
1984,
小熊维尼,
歪脖子树,
长生不老,
不要脸,
倒行逆施,
倒车,
我反对,
无限续杯,
吾皇万岁,
千秋万代,
一统江湖,
黄袍加身,
昏君,
登基,
称帝,
终身,
年号,
复辟,
元年,
劝进,
封禅,
张勋,
蔡锷,
袁世凯,
袁大头,
洪宪,
春晚吐槽,
春晚+包子,
春晚+垃圾,
春晚+恶心,
春晚+傻逼,
春晚+烂,
低端人口,
1955+2017,1955+2017
自由＋刘霞,free + Liu Xia
放＋刘霞,release + Liu Xia
海葬,sea burial
没有敌人,Have No Enemies
包子＋登基,steamed bun + acends the throne
无所畏惧,fearless 
我没有敌人,I Have No Enemies
诺奖,Nobel prize
审美与人的自由,Aesthetics and Human Freedom
刘先生,Mister Liu
xiao bo,xiao bo
晓波,Xiaobo
小波,Xiaobo
黄曲霉素,Aspergillus flavus
LXB,LXB
73,73
七三,73
王山支山,
徐晓冬＋封号,Xu Xiaodong + cancelled
徐晓冬＋太极,Xu Xiaodong + taiqi
徐晓冬＋打假,Xu Xiaodong + fight faked 
徐晓冬＋黑幕,Xu Xiaodong + dirty tricks
华山医院,Huashan Hospital
提头来见,
含赵量,
赵＋核心,Zhao + core
陕西＋爆炸,Shaanxi + explosion
榆林＋大爆炸,Yulin + big explosion
府谷＋大爆炸,Fugu [County] + big explosion
榆林府谷＋发生爆炸,Yulin Fugu + explosion occurred
府谷县新民镇＋发生爆炸,Fugu County Xinmin Town + explosion occurred 
嫖娼之外的另一种可能,another possibility besides soliciting a prostitute
雷洋案＋引导舆论,Lei Yang case + guide public opinion
雷洋＋龙锦,Lei Yang + Longquan
雷洋＋下跪,Lei Yang + kneel
雷洋＋戴套,Lei Yang + wear a condom
雷洋＋事件,Lei Yang + incident
雷洋＋伤痕,Lei Yang + bruise
雷洋＋陈有西,Lei Yang + Chen Youxi
硕士雷洋＋嫖娼,"Lei Yang, M.S. + solicit a prostitute"
记者无疆界,Reporters Without Borders
无国界记者,Reporters Without Borders
五岳散人,Wuyuesanren
文革 + 周永康,Cultural Revolution + Zhou Yongkang
文革＋复辟,Cultural Revolution + restoration
心腹＋王小洪,trusted aide + Wang Xiaohong
亲信＋王小洪,trusted aide + Wang Xiaohong
下一届＋习,next session + Xi
孙政才＋入常,Sun Zhengcai + join [Politburo Standing] Committee
邓猫,"Deng cat [could mean ""Deng Xiaoping and Mao Zedong"" or ""Deng Xiaoping cat""] "
中共国家恐怖主义暴行展,exhibit of CCP state's terrorist atrocities
中共＋言而无信,CCP + go back on one's word
坦克＋六月,tank + June 
葛洵,George Ge (Ge Xun)
陈维明,Chen Weiming
ZZY（指赵紫阳）,ZZY (Zhao Ziyang)
WJB（指温家宝）,WJB (Wen Jiabao)
私处,genitalia
舔逼,lick pussy
激情＋视频,passion + video
5月35日来,May 35 comes
雷洋＋报案,Lei Yang + report case
雷洋＋阴部,Lei Yang + private parts
雷洋＋睾丸,Lei Yang + testicle
雷洋＋右额部,Lei Yang + right side of forehead
我要真普选,I want universal suffrage
文革＋重来,Cultural Revolution + redo
426＋四二六社论,426 + four two six editorial
红树林,mangrove
光天化日＋前中共,light of day + former CCP
芮成钢,Rui Chenggang
女婴＋疫苗＋死亡,female infant + vaccine + die
河北＋女婴＋疫苗,Hebei + female infant + vaccine
巴拿马,Panama
八拿马,Banama (Panama)
banama,banama (Panama)
运河文件,[Panama] Canal Papers
拿马文件,[Pa]nama Papers
洗钱＋姐夫,launder money + brother-in-law
习＋妹夫,Xi + brother-in-law
中国高官＋离岸,top Chinese official + offshore
温氏家族,Wen [Jiabao] clan
习＋炸,Xi + explode
万达＋权贵,Wanda + bigwig
乐视＋跃亭,Leshi + [Jia] Yueting
June 4,June 4
5毛＋网评,50 cents + internet commentary
很淫蕩,very lewd
Panama,Panama
总理＋辞职,premier + resign
总理＋下台,premier + step down
离岸＋金融,offshore + finance
小琳＋公主,[Li] Xiaolin + princess
习近平姐夫,Xi Jinping's brother-in-law
Dengjiagui,Dengjiagui [Deng Jiagui]
无法跟着你们姓,unable to bear your surname
余少镭＋辞职,Yu Shaolei + resign
余少镭＋姓,Yu Shaolei + surname
上瘾＋禁播,Addicted + forbidden to broadcast
分享＋太阳的后裔,share + Descendants of the Sun
十年＋金像,Ten Years + [Hong Kong] Film Awards
十年＋电影,Ten Years + film
疫苗＋习,vaccine + Xi
弹弓,slingshot
撒币,throw money around
无官正,Wu Guanzheng [吴官正]
怡红院,Yihong house (from novel Dream of the Red Chamber)
春暖花开,flowers bloom in warm spring (i.e. when ban is lifted on publications)
孟建柱内部谈话＋令完成,Meng Jianzhu internal discussion + Ling Wancheng
万豪国际,Marriott International
反习联盟,anti-Xi alliance
习＋老总,Xi + officer
大大习,Dada Xi [Jinping]
文革＋重来,Cultural Revolution + redo
贾葭＋公开信,Jia Jia + open letter
贾佳＋北京市公安局,Jia Jia + Beijing Public Security Bureau
贾葭＋赴港＋失踪,Jia Jia + go to Hong Kong + missing
贾佳＋机场分局,Jia Jia + airport branch office [of the PSB]
燕薪＋贾葭＋失踪,Yan Xin + Jia Jia + missing
欧阳洪亮＋无界＋失踪,Ouyang Hongliang + Wujie + missing
欧阳洪亮＋失联,Ouyang Hongliang + lose contact
无界新闻＋失联,Wujie News [Watching] + lose contact
阿里巴巴＋无界新闻＋公开信,Alibaba + Wujie News [Watching] + open letter
黑客攻击＋公开信,hack + open letter
习＋辞职＋上位,Xi + resign + top seat
习近平＋辞职,Xi Jinping + resign
习＋公开信,Xi + open letter
习＋无界新闻,Xi + Wujie News [Watching]
习近平＋辞职,Xi Jinping + resign
（习）近平＋辞去,(Xi) Jinping + resign
习＋辞去＋领导职务,Xi + resign + leadership role
辞去＋党和国家＋领导职务,resign + Party and state + leadership role
两会＋段子,Two Sessions + quote
周方＋网络主管部门,Zhou Fang + Internet controlling body
龙煤,Longmei
央视＋黑龙江,CCTV + Heilongjiang
任志强＋质疑习,Ren Zhiqiang + challenge Xi
朱征夫＋认罪,Zhu Zhengfu + admit guilt
坏事变好事,bad deed becomes good deed
罢免李,recall Li [Hongli]
毛尸,Mao corpse
共党＋惨,communist party + brutal
北京＋暴力恐怖,Beijing + violence and terror
(六)四＋镇压,(six) four + suppress
性吧,sex bar
领导人＋胸章,leader + badge
习＋胸章,Xi + badge
高层＋分歧严重,high-level + disagree seriously
政治局 + 财产,Politburo + assets
蔡咏梅,Tsoi Wing-mui
周恩来＋秘密情感,Zhou Enlai + secret feelings
周恩来＋同性（恋）,Zhou Enlai + same-sex (love) [homosexual]
周恩来＋gay,Zhou Enlai + gay
习头,Xi head
劝进表,entreaty to take power
Weapon,Weapon
习五一,Xi Wuyi
苏绍智,Su Shaozhi
南都,Southern Metropolis [News]
任志强＋挑战习,Ren Zhiqiang + challenge Xi
凛冬烈火,Winter on Fire
军变,army change
昌平法官 ,Changping judge
西藏人民议会,Parliament of the Central Tibetan Administration
西藏流亡政府,Tibetan government-in-exile
代开发票,acting invoice
卖银行卡,sell bank card
夜色论坛,dark night forum
无码 + 视频,unpixellated + video
老炮＋任志强反党,Old Cannon + Ren Zhiqiang opposes the Party
习＋蔡霞,Xi + Cai Xia
砸共产党的锅,smash the Communist Party's pot
红太阳帝国,Empire of the Red Sun
Liu＋Xiaobo ,Liu + Xiaobo
刘小波,Liu Xiaobo
色图,color photo (porn)
淫情,lusty feeling (erotica)
春晚＋四个全面,CCTV Gala + Four Comprehensives
春晚＋赵家,CCTV Gala + Zhao family
春晚＋主旋律,CCTV Gala + theme
春晚＋红领巾,CCTV Gala + Young Pioneer scarf
春晚＋文革,CCTV Gala + Cultural Revolution
春晚＋100（分）,CCTV Gala + 100 (points)
春晚＋马屁,CCTV Gala + horse butt
春晚＋老毕,CCTV Gala + Old Bi [Fujian]
春晚＋赵本山,CCTV Gala + Zhao Benshan
春晚＋彭,CCTV Gala + Peng
旺角＋骚乱,Mong Kok + riot
鱼蛋革命,Fishball Revolution
香港＋骚乱,Hong Kong + riot
习家人 ,Xi family
习领导,Xi leader
习＋皇帝,Xi + emperor
习＋女人,Xi + woman
习＋氏,Xi + clan
党政军集权 ,"centralization of party, government, and military"
屠杀＋四,massacre + four
情色小说,erotic novel
春晚＋包子,CCTV Gala + steamed bun
春晚＋政治,CCTV Gala + politics
春晚＋洗脑,CCTV Gala + brainwash
春晚＋献媚,CCTV Gala + suck up
春晚＋一百分,CCTV Gala + one hundred points
春晚＋新闻联播,CCTV Gala + News Simulcast
春晚＋六小龄童,CCTV Gala + Liu Xiao Ling Tong
习难堪,Xi Unbearable
习＋情人,Xi + lover
冤情＋中共,facts of injustice + CCP
拍肩迷药,shoulder-pat hypnosis (scam)
藏人抗议,Tibetan protest
大撒币,big spender
习 + 挖坑,Xi + dig a hole
刁core,Xi core
梦雪,Mengxue
宋祖英＋江,Song Zuying + Jiang [Zemin]
我冷＋央视记者,I'm cold + CCTV reporter
撸色,Sir Lu [Wei]
肖钢＋辞职,Xiao Gang + resign
肖钢＋下台,Xiao Gang + step down
青天白日旗,blue sky white sun flag
自由写作奖,Freedom to Write Award
死亡＋党,dead + Party
习＋黑材料,Xi + black materials
xi禁评,xi Forbidden to Criticize (Xi Jinping)
洗禁评,Wash Forbidden to Criticize (Xi Jinping)
吸金瓶,Breath Golden Bottle (Xi Jinping)
色情视频,porn video
周子瑜,Chou Tzu-yu
蔡英文,Tsai Ing-wen
台湾,Taiwan
台湾大选,Taiwan election
总统大选,presidential election
黄安,Huang An
习＋朋友圈,Xi + friends circle
习＋秘书,Xi + secretary
习 + 爷,Xi + father
习＋小圈子,Xi + clique
周永康＋曾庆红,Zhou Yongkang + Zeng Qinghong
曾飞洋＋被捕,Zeng Feiyang + be arrested
曾飞洋＋服务部,Zeng Feiyang + be arrested
鲁部长,Minister Lu
洪哲胜,Cary Hung
7条微博,7 Weibo posts
二中院 + 聚集,[Beijing] No. 2 Intermediate Court + assemble
中国军火,Chinese military munitions
三里屯 + 威胁,Sanlitun + threat
新生网,XinSheng.net
淫秽（网）,obscene (web)
色情网（站）,porn web(site)
视频 + AV,video + AV
YouTube + AV,YouTube + AV
操比,fuck cunt
赵家人,Zhao family member
赵王回车,King Zhao returns the car
习夶,Xi Bi 
刁＋大,tricky + big
习＋矛盾信号,Xi + mixed signals
三里屯＋恐怖袭击,Sanlitun + terrorist attack
圣诞＋恐怖袭击,Christmas + terrorist attack
局域网大会,LAN Conference
七不准,seven forbiddens
习 + 三人,Xi + three people
上街 + 胡,take to streets + Hu
薄 + 喊冤,Bo + declare innocence
股灾 + (刘)云山,stock market crash + [Liu] Yunshan
令计划 + 运城 ,Ling Jihua + Yuncheng
明镜集团 + 陈小平,Mingjing Group + Chen Xiaoping
彭清华,Peng Qinghua
FreeTibet,FreeTibet
当知项欠,Dhondup Wangchen
优衣酷,Uniqlo
沙甸,Shadian
操 + 逼,fuck + cunt
天朝＋谷歌,Celestial Kingdom + Google
天朝＋Google,Celestial Kingdom + Google
资源＋微信,resource + WeChat
计划生育＋人权,family planning + human rights
唐映红＋政策,Tang Yinghong + policy
秘书帮,secretary gang
习党,Xi Party
习＋名片,Xi + business card
习＋独裁,Xi + dictatorship
薄习,Bo [Xilai] Xi [Jinping]
Xifac,Xifac
jwxi,jwxi
bjxi,bjxi
w1xi,w1xi
fourthwave（第四波民主化浪潮）,fourthwave [democratization]
拜城＋袭击,Baicheng + raid
拜城＋煤矿,Baicheng + coal mine
死亡＋阿克苏,die + Aksu
黄祸,yellow peril
习近平＋拦车,Xi Jinping + stop car
(习)近平＋极权,[Xi] Jinping + totalitarianism
习上任,Xi predecessor
习＋庆丰,Xi + Qingfeng
习＋前任职,Xi + previous position
习＋史书记载,Xi + historical record
习＋监控,Xi + inspect and control
习＋李鸿章,Xi + Li Hongzhang
(习)近平＋得罪,[Xi] Jinping + totalitarianism
薄＋岳飞,Bo [Xilai] + Yue Fei
毛＋畜生,Mao + beast
哈达＋剥夺政治权利,Hada + deprive of political rights
哈达＋绑架,Hada + kidnap
哈达＋新娜,Hada + Xinna
内蒙古＋分裂,Inner Mongolia + split
610办＋改组,610 Office + reorganize
杀＋证监会,kill + Securities Regulatory Commission
访民＋拦车,petitioner + stop car
访民＋赴英,petitioner + go to England
名照＋调查,famous photo + investigate
围困 + 垃圾焚烧,beseige + trash incineration
我没有敌人,I have no enemies
博狗,Dog Bo [Xilai]
做爱,make love
孟群 ,Meng Qun
葛丽芳＋车队,Ge Lifang + motorcade
访民＋美国  ,petitioners + U.S.
共贼,communist thief
习帝王,Emperor Xi
习＋女儿,Xi + daughter
习＋肖建华,Xi + Xiao Jianhua
习近平＋股份,Xi Jinping + stock
包子＋中国梦,steamed bun + Chinese dream
包子＋专制,steamed bun + autocracy
610办＋令计划,610 Office + Ling Jihua
610办＋中共,610 Office + Chinese Communist Party
外交部 + 江,Ministry of Foreign Affairs + Jiang
中国泛蓝联盟,Union of Chinese Nationalists
蛤,toad
长者,elder
续命,prolong life
excited,excited
胡＋帕金森,Hu + Parkinson's
习＋前妻,Xi + former wife
习＋前任,Xi + predecessor
习＋柯小明,Xi + Ke Xiaoming
习＋离婚,Xi + divorce
习＋二婚,Xi + second marriage
柯小明＋前妻,Ke Xiaoming + former wife
刘部长,Minister Liu
张育军,Zhang Yujun
我为长者续一秒,"for the elder [Jiang Zemin], I'll continue for another second"
长者续命,elder continues to live
江＋去世,Jiang + pass away
习＋令徐郭  ,Xi + Ling [Jihua] Xu [Caihou] Guo [Boxiong]
习大大＋北戴河 ,Daddy Xi + Beidaihe
李克强＋黑锅,Li Keqiang + bad reputation
水工 ,irrigation works (ref. to Jiang Zemin)
彭丽媛＋小三,Peng Liyuan + mistress
彭麻麻,Mama Peng
彭妈妈,Mama Peng
彭将军,General Peng
彭母,Mother Peng
习氏,Xi clan
习＋舅舅,Xi + uncle
老大＋习,elder + Xi
习泽东,Xi Zedong
猪＋习,pig + Xi
习＋成功,Xi + succeed
习博士,Dr. Xi [Ph.D.]
习狗,Dog Xi
郭声琨＋妻子 ,Guo Shengkun + wife
郭声琨＋老婆,Guo Shengkun + wife
投资＋温家 ,invest + Wen family
总理＋财富,premier (of country) + wealth
炸＋国务院,blow up  + State Council
无能＋公安,incompetent + public security
家长＋教育部,parent + Ministry of Education
学生＋1989,student + 1989
人权＋计划,human rights + plan
左轮手枪,revolver
铅弹,lead bullet
太阳城,Sun City
骚浪,loose (of women)
鸡八,penis
北戴河＋敏感,Beidaihe + sensitive
反对＋冬奥会,oppose + Winter Olympics
fqrouter2,fqrouter2
地下教会,house church
被＋黑历史,[passive marker] + black history
蔡耀昌,Cai Yaochang
周世峰＋律师,Zhou Shifeng + lawyer
红色权贵,red nobility
江世俊,Jiang Shijun
康＋李春城,[Zhou Yong]kang + Li Chuncheng
(吴)官正＋王林,[Wu] Guanzheng + Wang Lin
厅长＋王林,department chief + Wang Lin
Wu er kai xi,Wu'erkaixi
习近平＋坦克,Xi Jinping + tank
535,May 35th (June 4th)
高清＋无码,HD + no pixellation
抽插,thrust (sexual)
周世锋＋失联,Zhou Shifen + lose contact
北京锋锐律师事务所,Beijing Fengrui Law Firm
刘卫国,Liu Weiguo
刘四新＋被抓,Liu Sixin + be caught
王宇＋被抓,Wang Yu + be caught
声援王宇,support Wang Yu
拘留＋翟岩民,detain + Zhai Yanmin
股票＋跳楼,stock + plummet
sb＋政府,"sb [shabi 傻逼, stupid] government"
圣战＋Jihad,holy war + jihad
穆畜,Muslim beasts
生日＋尊者 ,birthday + venerable one [Dalai Lama]
爆炸＋东长安街,explode + East Chang'an Avenue
爆炸＋CBD,exlode + CBD
四万亿＋温,four trillion + Wen [Jiabao]
永康＋自辩书,[Zhou] Yongkang + Apology
吴小辉,Wu Xiaohui
外籍＋习,foreign nationality + Xi [Jinping]
习＋汪,Xi [Jinping] + Wang
明泽,[Xi] Mingze
午3时＋维园,3 p.m. + Victoria Park
(许)志永＋被抓,[Xu] Zhiyong + be caught
和田＋皮山,Hetian + Pishan
喀什＋击毙,Kashgar + shoot dead
喀什＋暴恐,Kashgar + violent terrorist [attack]
7枚爆炸装置＋3把大刀,7 explosive devices + 3 large knives
翟岩民＋维权,Zhai Yanming + rights defense (weiquan)
带鱼＋公知,cutlassfish + public intellectual
带鱼＋包子,cutlassfish + steamed dumpling (baozi)
带鱼＋庆丰,cutlassfish + Qingfeng [Steamed Bun Shop]
包子帝,Emperor Dumpling
姓习的,surnamed Xi
宇宙真理＋党,truth of the universe + [political] party
习近平＋彭家声,Xi Jinping + Peng family reputation
习近平＋镇压,Xi Jinping + suppress
央视网＋重大政治差错,CCTV net (website) + grave political mistake
(李)小琳＋电,[Li] Xiaolin + power
周永康＋反党,Zhou Yongkang + anti-Party
曾庆红＋刘振亚,Zeng Qinghong + Liu Zhenya
刘延东＋女婿,Liu Yandong + son-in-law
卡西酮,cathinone
安眠酮,methaqualone
贵州＋喊冤,Guizhou + call out grievance
拦轿,stop traffic
黎亮＋情人,Li Liang + lover
黎亮＋三峡,Li Liang + Three Gorges
清君侧,rid emperor of his close attendants
王岐山＋摩根,Wang Qishan + [JP] Morgan
摩根＋中纪委,[JP] Morgan + Central Commission for Discipline Inspection
美国证券交易委员会＋通信记录,U.S. Securities and Exchange Commission + communication record
缅甸军政府＋习近平,military government of Burma + Xi Jinping
袁部长,Minister Yuan [Guiren]
政治体制＋颜色革命,political system + color revolution
政治局＋被免职,Politburo + be removed from office
周永康＋视察,Zhou Yongkang + inspect
周永康＋死刑,Zhou Yongkang + death sentence
周永康＋双规,Zhou Yongkang + dual designation (shuanggui)
周永康＋被抓,Zhou Yongkang + be caught
(周)永康＋蒋洁敏,[Zhou] Yongkang + Jiang Jiemin
何俊仁,He Junren
程翔,Ching Cheong
6+si,6+si [six + four]
6four,6four
63+1,63+1
631日,631 day
8jiu,8jiu [eight + nine]
bajiu,bajiu [eight nine]
liu4,liu4 [six4]
liusi,liusi [six four]
six+four,six+four
six4,six4
viiv,viiv
8的平方,square of 8 [64]
八的平方,square of eight
八九,eight nine
捌玖,eight nine
六四,six four
六肆,six four
陆四,six four
陆＋肆,six + four
这一天,this day
anniversary,anniversary
jun 4th,jun 4th
6/4/2015,6/4/2015
26years,26years
26年,26 years
26周年,26th anniversary
二十六年,twenty-six years
二十六周年,twenty-sixth anniversary
64＋屠杀,64 + massacre
64＋开枪,64 + open fire
89事件,89 incident
占占人,[tanks pointed at person]
占占点,[tanks rolling over person]
占点占,[tanks rolling over person]
春夏之交,end of spring and beginning of summer
北京屠城,massacre of Beijing
天下围城,empire beseiges the city
历史的伤口,Wound of History [song]
坦克,tank
平反,redress
学运,student movement
学潮,student strike
反官倒,oppose official profiteering
TAM（“天安门”拼音缩写）,TAM [Tian An Men]
tiananmen,tiananmen
天an门,TIANanMEN
广场,public square
tank man,tank man
丁子霖,Ding Zilin
胡耀邦,Hu Yaobang
赵紫阳,Zhao Ziyang
烛光,candlelight
蜡烛,candle
维园,Victoria Park
祭奠,memorial ceremony
纪念,commemorate
缅怀,honor the memory of
致敬,pay respects
习近平＋言而无信,Xi Jinping + go back on one's word
麻痹哥,Paralyzed Brother
戴建勇,Dai Jianyong
coca,coca
刁＋特勒,Diao + Tele
打压＋大V,suppress + Big V
中央统战部部长,head of the United Front Work Department
藏人＋住旅店被拒,Tibetan + be refused hotel booking
（习）近平＋暗杀,[Xi] Jinping + assassinate
习＋情妇,Xi + mistress
习金瓶,Xi Golden Vase [Xi Jinping]
习近平＋罪状,Xi Jinping + charges [in indictment]
江＋央视,Jiang [Zemin] + CCTV
江＋博物馆,Jiang [Zemin] + museum
李源潮＋妻子,Li Yuanchao + wife
供匪,"supply bandits [sounds like ""communist bandits']"
贾晓霞,Jia Xiaoxia (Margaret Jia)
林昭＋秘密枪决,Lin Zhao + secret execution by firing squad
林昭＋祭日,Lin Zhao + memorial day
子弹,bullet
杨建利,Yang Jianli
党争,struggle among political factions
权力交接,transfer of power
老虎＋浮出水面,tiger + rise to the surface
习近平＋曾庆红,Xi Jinping + Zeng Qinghong
王健林＋权贵,Wang Jianlin + bigwig
万达股份＋习近平,Wanda shares + Xi Jinping
习＋姐姐,Xi + older sister
高瑜,Gao Yu
李锐＋海关,Li Rui + customs
鲍樸,Bao Pu
毛主席像＋泼墨,Mao Zedong's portrait + splash ink
习近平＋果敢,Xi Jinping + courageous
公民＋审判,citizen + trial
熊焱,Xiong Yan
鲁昕,Lu Xin
中国＋最穷国家,China + poorest country
武嵘嵘＋女权＋人士,Wu Rongrong + women's rights + personage
郑楚然＋女权＋人,Zheng Churan + women's rights + person
李婷婷＋女权＋人,Li Tingting + women's rights + person
韦婷婷＋女权＋人,Wei Tingting + women's rights + person
王曼＋女权,Wang Man + women's rights
武嵘嵘＋释放,Wu Rongrong + release
郑楚然＋释放,Zheng Churan + release
李婷婷＋释放,Li Tingting + release
韦婷婷＋释放,Wei Tingting + release
王曼＋释放,Wang Man + women's rights
张越＋周永康,Zhang Yue + Zhou Yongkang
明镜＋周永康,MIngjiang + Zhou Yongkang
2号专案组,number 2 investigating team
三角政治同盟,three-point political alliance
曾山＋邓六金,Zeng Shan + Deng Liujin
习近平＋清算,Xi Jinping + settle accounts
习近平＋智囊,Xi Jinping + wise advisor
九门提督,Commander of the Nine Gates
傅振华,Fu Zhenhua (Fu Zhenghua)
傅正华,Fu Zhenghua
傅震华,Fu Zhenhua (Fu Zhenghua)
习＋胡舒立,Xi + Hu Shuli
习＋王小洪,Xi + Wang Xiaohong
（习）近平＋权力斗争,[Xi] Jinping + power struggle
胡＋家史,Hu + family history
中央警卫局＋缴械,Central Security Bureau + surrender
李友＋日本豪宅,Li You + Japan mansion
习近平时代,Xi Jinping era
带走＋女权,take away + women's rights [activists]
郑楚然＋被带走,Zheng Churan + taken away
李麦子＋被带走,Li Maizi + taken away
韦婷婷＋被带走,Wei Tingting + taken away
王曼＋被带走,Wang Man + taken away
拜城＋警察,Baicheng [County] + police
皮山＋爆炸,Pishan [County] + explosion
喀什＋出事,Kashgar + something happened
习＋之江新军,Xi + new army of Zhijiang
之江新军＋闽江旧部,new army of Zhijiang + former troops of the Min River
丁薛祥,Ding Xuexiang
习＋微薄,Xi + meager (weibo)
庆亲王,Prince Qing of First Rank
庆＋老虎,Qing + tiger
江＋才厚,Jiang [Zemin] + [Xu] Caihou
剿匪不力,insufficiently suppress bandits (Chiang Kai-shek)
朱榕基,Zhu Rongji
朱熔基,Zhu Rongji
中国＋网民＋自由,China + netizens + freedom
香港＋水货客＋示威,Hong Kong + parallel traders + demonstration
习近平＋戈尔巴乔夫,Xi Jinping + Gorbachev
庆丰帝,Emperor Qingfeng (steamed bun shop)
庆丰三年,third year of Qingfeng's reign
庆丰二年,second year of Qingfeng's reign
庆丰元年,first year of Qingfeng's reign
习某,a certain Xi [Jinping]
(谷)俊山＋2000万,[Gu] Junshen + 20 million
才厚＋儿子,[Xu] Caihou + son
袁贵人,Yuan Guiren
曾庆洪,Zeng Qinghong
习＋评价＋江,Xi [Jinping] + evaluate + Jiang [Zemin]
维族＋砍,Uyghur + chop
电力一姐,first lady of power (Li Xiaolin)
天安门＋举牌,Tiananmen + hold up a sign
行为艺术,performance art
穹顶之下,Under the Dome
雾霾＋APEC,smog + APEC
曾庆(红)＋亲王,Zeng Qing[hong] + Prince Qing
(曾)庆红＋庆亲王,[Zeng] Qinghong + Prince Qing of First Rank
曾伟＋澳大利亚,Zeng Wei + Australia
(曾)庆红＋(胡)锦涛,[Zeng] Qinghong + [Hu] Jintao
邢运明,Xing Yunming
江＋贪腐,Jiang [Zemin] + corrupt
接班人＋胡春华,successor + Hu Junhua
习＋称帝,Xi + call [him] emperor
刁包子,Steamed Bun Diao (Xi Jinping)
彭＋解放军艺术,Peng [Liyuan] + PLA Arts [College]
开放报禁,lift press ban
邓三科,"Deng Three-science (Deng Xiaoping Theory, Three Represents, Scientific Development Outlook)"
中央警卫团,Chinese Central Safeguard Regiment
军管,military control
袁＋上百亿,Yuan + over ten billion
袁＋(儿)子＋教材,Yuan + son + teaching material
高严＋猎狐行动,Gao Yan + Operation Fox Hunt
星际赌场,StarWorld casino
十八摸,eighteen strokes
习老,Xi old
习＋信号,Xi + signal
红朝太祖,first emperor of the red dynasty (Mao Zedong)
zhou＋带鱼,zhou + cutlassfish
周黛玉,Zhou Daiyu
今年＋2015年,this year + 2015
纳税人的钱哪去了,where has the taxpayer's money gone
腐败＋震惊,corruption + shock
网特,Internet agent
不雅,indecency
刁犬犬,Diao Quanquan (Xi Jinping)
习＋包子,Xi + steamed bun
习＋请求,Xi + request
黑黑习,a certain Xi
港媒＋大老虎,Hong Kong media + big tiger
王敏＋山东帮总管,Wang Min + leader of Shandong gang
永康＋沈冰,Yongkang + Shen Bing
永康＋儿子,Yongkang + son
永康＋薄,Yongkang + Bo
南充＋贿选,Nanchong + election bribery
杨建华,Yang Jianhua
二奸二(假),two betrayals and two falsehoods
江氏＋黑幕,Jiang clan + dirty secrets
大荤君,Da Hun Jun
贾廷安被抓,Jia Ting'an nabbed
贾廷安被调查,Jia Ting’an under investigation
祖英＋豪宅,Zuying + mansion
方舟子,Fang Zhouzi
周＋带鱼,Zhou + cutlassfish
寻衅滋事,picking quarrels and provoking troubles
令计划＋大秘,Ling Jihua + big secret
江＋现身,Jiang + shows himself
江绵恒＋双规,Jiang Mianheng + shuanggui
习＋马云,Xi + Jack Ma
习＋拉帮结派,Xi + cliques
习＋微信,Xi + WeChat
（习）近平＋大秘,(Xi) Jinping + big secret
郭玉闪＋寻衅滋事,Guo Yushan + picking quarrels and provoking troubles
撑＋学生,support + students
zhanzhong,zhanzhong (Occupy Central)
香港＋黑衣,Hong Kong + black clothes
香港＋平反,Hong Kong + redress
香港＋防暴警察,Hong Kong + riot police
习近平＋武力清场,Xi Jinping + clear space with armed force
三穗＋武警,Sansui + armed police
三穗＋警察,Sansui + police
三穗＋游行,Sansui + march
邓＋女婿,Deng [Xiaoping] + son-in-law
蔡明照,Cai Mingzhao
（芮）成钢＋（王）岐山,[Rui] Chenggang + [Wang] Qishan
毒菜政府（即“独裁”政府）,poisoned vegetable government
告别央视＋这个时代的一些真话,farewell to CCTV + some true words for this era
香港＋抗议＋人大,Hong Kong + protest + People’s Congress
umbrella revolution,umbrella revolution
撑起雨伞,open umbrella
雨遮革命,awning revolution
香港觉醒,Hong Kong wake up
敢想不敢说,dare to think not dare to say
站中,stand Central
占领＋旺角,occupy + Mong Kok
占领＋铜锣湾,occupy + Causeway Bay
包围＋政总,surround + central government [offices]
冲击＋政总, impact + central government [offices]
旺角集会,Mong Kok assembly
张秀贤,Tommy Cheung Sau-yin
王光伟＋阶级斗争,great glorious and correct + class struggle
主习,Master Xi
雨伞革命,umbrella revolution
遮打革命,Chater revolution
伞花革命,umbrella flower revolution
谁还未发声,Do You Hear the People Sing
戴耀廷,Benny Tai
朱耀明,Chu Yiu-ming
公民提名,citizen nomination
添马公园,Tamar Park
胡椒喷雾,pepper spray
香港＋清场,Hong Kong + clear the square
示威＋胡（椒）,demonstrate + hu(jiao)
必须旗帜鲜明地反对动乱,It Is Necessary to Take a Clear-cut Stand Against Disturbances
香港＋学生,Hong Kong + students
香港＋罢课,Hong Kong + student strike
香港＋催泪弹,Hong Kong + tear gas canister
香港＋开枪,Hong Kong + open fire
香港＋抗命,Hong Kong + disobery orders
香港人＋上街,Hong Kongers + take to the streets
公民抗命,citizens disobey orders
公民广场,citizen plaza
占中,Occupy Central
占领＋中环,occupy + Central
占领＋金钟,occupy + Admiralty
黄之锋,Joshua Wong
黄丝带,yellow ribbon
香港加油,go Hong Kong
香港挺住,Hong Kong stand firm
声援＋香港,support + Hong Kong
支持香港,support Hong Kong
今天我们都是香港人,today we are all Hong Kongers
instagram＋屏蔽,Instagram + block
instagram＋被墙,"Instagram + be ""walled"""
819讲话,August 19 speech
我们愿意承受不公,we are willing to endure injustice
因为正义不会迟到,because justice will not be late
炎黄春秋＋主管单位,Yanhuang Chunqiu + governing body
炎黄春秋＋独立,Yanhuang Chunqiu + independence
芮成钢＋令计划,Rui Chenggang + Ling Jihua
习＋微信,Xi + WeChat
习＋谷,Xi + Gu
废习,waste Xi
彭阿姨,Aunt Peng
老人干政,old man messing around in politics (i.e. Jiang Zemin)
总政＋知情干部,[PLA] General Political Department + cadres in the know
刘远东,Liu Yuandong
陈世炬,Chen Shijiu
梅妍凌,Mei Yanling
梅道德,Moral Mei
刘云删,Liu Yundelete
军中最爱,armed forces' most beloved
邓孙子,Grandson Deng [Xiaoping]
邓小平之孙,Deng Xiaoping's grandson
于浩宸,Yu Haochen
习派,Xi faction
小习,Little Xi
刁大大,Tricky Daddy
送瘟神,send away the plague god
送温神,send away the god of warmth
王波＋叙利亚,Wang Bo + Syria
王波＋圣战,Wang Bo + jihad
马元＋舅舅,Ma Yuan + uncle
央视主播,CCTV anchor
江＋金蟾,Jiang + golden toad
膀胱癌＋301医院,bladder cancer + Hospital 301
自由微博,FreeWeibo
Freeweibo,Freeweibo
许志永＋新,Xu Zhiyong + New [Citizens Movement]
（许）志永＋公民,(Xu) Zhiyong + citizens
XZY,XZY
许ZY,Xu ZY
习＋老师,Xi + teacher
习＋涉嫌,Xi + be a suspect
周永康＋法办,Zhou Yongkang + punish according to law
中共第一贪,CCP's most corrupt
薄＋中共高层,Bo + CCP high level
薄＋急先锋,Bo + daring vanguard
我们要工作,we want to work
民有钱＋你贪,the people have money + you are corrupt
民有女＋你奸,the people have women + you rape
民有房＋你拆,the people have homes + you tear down
民有话＋你删,the people have words + you delete
民有难＋你演,the people have troubles + you perform
民有冤＋你关,the people have grievances + you lock [them] up
民有事＋你推,the people have issues + you reject
民有疑＋你编,the people have doubts + you edit
APEC会议＋反腐,APEC Summit + anti-corruption
刘汉＋永康,Liu Han + [Zhou] Yongkang
苹果日报＋习,Apple Daily + Xi [Jinping]
新皇帝 ,new emperor
习＋上位,Xi + top seat
习＋首长,Xi + chief
薄＋红二代,Bo [Xilai] + red second generation
地下刊物,underground publications
（李）克强＋激光笔,(Li) Keqiang + laser pointer
徐才厚＋刘源,Xu Caihou + Liu Yuan
令计划＋运城,Ling Jihua + Yuncheng
李伟东＋习近平,Li Weidong + Xi Jinping
胡苏平,Hu Suping
邓家族,Deng family
温（家宝）＋贪污,Wen (Jiabao) + corruption
黑衣＋律师,black clothes + lawyers
非法传唤,illegal subpoena
财产公开＋人大代表,asset disclosure + NPC delegates
网络监控,Internet surveillance
网宣办,Internet Propaganda Office
新疆＋管制,Xinjiang + control
毛匪,Mao bandit
退d,leave the party (i.e. CCP)
阳光卫视＋陈平,Sun Satellite Television + Chen Ping
力远超,Li Yuanchao
万润南,Wan Runnan
邓卓棣,Deng Zhuodi
陈元＋阿里巴巴,Chen Yuan + Alibaba
王军＋阿里,Wang Jun + Ali
国开行＋阿里巴巴,China Development Bank + Alibaba
（刘）云山＋阿里巴巴,[Liu] Yunshan + Alibaba
yunshan＋阿里,[Liu] Yunshan + Ali
孙子＋阿里巴巴,grandson + Alibaba
纽约时报＋阿里巴巴,New York Times + Alibaba
江志成＋路透社,Jiang Zhicheng + Reuters
江志成＋孙子,Jiang Zhicheng + grandson
江志成＋私募,Jiang Zhicheng + private equity
当今皇上,reigning emperor
反腐＋体制,anti-corruption + system
团系,tuanxi (tuanpai)
高智晟,Gao Zhisheng
邓小平＋坦克,Deng Xiaoping + tank
四环＋枪声,Fourth Ring [Road] + gunfire
找肾源,find source of kidneys
提供肾源,provide source of kidneys
Tohti,[Ilham] Tohti
保守派,conservative party
克强＋艾滋,[Li] Keqiang + AIDS
总理＋艾滋,premier + AIDS
铁流,Tie Liu
窑洞党,cave party
爱国家不等于爱朝廷,love of country is not the same as love of government
郭美美＋刘,Guo Meimei + Liu
郭美美＋云山,Guo Meimei + Yunshan
郭美美＋后台,Guo Meimei + backstage [supporter]
郭美美＋大老虎,Guo Meimei + big tiger
郭美美＋领导,Guo Meimei + leader
13+命案,13 + homicide case
29+情妇,29 + mistress
最高法＋腐败,Supreme Court + corrupt
华数＋敏感画面,Wasu + sensitive screen
华数＋被黑,Wasu + be hacked
温州有线＋敏感画面,Wenzhou cable + sensitive screen
吴志明＋江,Wu Zhiming + Jiang
何挺,He Ting
抹黑习,disgrace Xi
机顶盒＋被黑,set-top box + be hacked
机顶盒＋黑客,set-top box + hacker
机顶盒＋入侵,set-top box + infiltrate
有线电视＋被黑,cable TV + be hacked
有线电视＋黑客,cable TV + hacker
有线电视＋入侵,cable TV + infiltrate
温州电视＋被黑,Wenzhou TV + be hacked
温州电视＋黑客,Wenzhou TV + hacker
温州电视＋入侵,Wenzhou TV + infiltrate
周永康＋老巢,Zhou Yongkang + rat
周（永）康＋温,Zhou (Yong)kang + Wen [Jiabao]
JZM,JZM (Jiang Zemin)
JZ民,JZmin (Jiang Zemin)
zemin,[Jiang] zemin
江Z民,Jiang Zmin
习＋周,Xi + Zhou
周永康家族,Zhou Yongkang Family
周薄,Zhou Bo
康＋方便面,Kang + instant noodles
康师傅＋老虎,Master Kang + tiger
蛤蟆（复测）,toad (retested)
莎车＋爆炸,Shache + explosion
喀什＋爆炸,Kashgar + explosion
新疆＋爆炸,XInjiang + explosion
莎车＋出大事,Shache + major event happened
喀什＋出大事,Kashgar + major event happened
新疆＋出大事,Xinjiang + major event happened
莎车＋通信管制,Shache + communication control
喀什＋通信管制,Kasghar + communication control
新疆＋通信管制,Xinjiang + communication control
G将军＋出逃,General G + flee
郭将军＋出逃,General Guo + flee
郭＋男扮女装,Guo + dress in drag
郭正刚,Guo Zhenggang
克拉娃,Carat Baby
习王,Xi Wang
zheng变,coup d’état
阿里巴巴＋红二代,Alibaba + red second generation
阿里巴巴＋江（志成）,Alibaba + (Alvin) Jiang
博裕,Boyu (Capital)
新天域,New Horizon (Capital)
某教,certain religion
共妻,hetaerism (wife-sharing)
方政,Fang Zheng
令狐剑,Ling Hujian
令计划弟弟,Ling Jihua's younger brother
新四人帮,new Gang of Four
令JH,Ling JH
女高音＋军费,soprano+military funds
宋＋军纪委,Song + Military Discipline and Inspection Committee
宋祖玉,Song Zuyu
袁纯清＋自杀,Yuan Chunqing + suicide
谭晶,Tan Jing
海门＋抗议,Haimen + protest
海门＋游行,Haimen + march
海门＋电厂,Haimen + power plant
（曾）庆红＋被抓,(Zeng) Qinghong + be caught
曾庆淮,Zeng Qinghuai
军中第一美女,military first beauty
张澜澜,Zhang Lanlan
贾庆L,Jia QingL
梅宁华,Mei Ninghua
大老虎＋出事,big tiger + something happened
习阿斗,Xi Adou
习二,Xi the Second
星空大师,Master of the Starry Skies
（宋）祖英＋出事,(Song) Zuying + something happened
（宋）祖英＋调查,(Song) Zuying + investigation
宋祖英＋军纪委,Song Zuying + military discipline inspection commission
宋祖英＋军费,Song Zuying + military funds
宋祖英＋挪用,Song Zuying + embezzle
宋祖英＋后台,Song Zuying + backstage
宋祖英＋蛤蟆,Song Zuying + toad
国母（复测）,first lady (retested)
老老虎（复测）,old tiger (retested)
芮成钢＋被查,Rui Chenggang + be investigated
刘乐飞,Liu Lefei
38军＋贾,38 military [divisions] + Jia
500余人＋贾,over 500 people + Jia
令计划＋大秘,Ling Jihua + big secret
郭伯雄,Guo Boxiong
郭正钢,Guo Zhenggang
港人＋上街,Hong Kongers + take to the streets
李柱铭,Martin Lee
Citizens+Movement,Citizens+Movement
亲属在美加,relatives in the US and Canada
苗德顺,Miao Deshun
匕首 ,dagger
重庆＋不会忘记,Chongqing + will not forget
令计划＋大内总管, imperial palace housekeeper
令计划＋车祸,Ling Jihua + car accident
令计划＋情妇,Ling Jihua + mistress
毛＋清算, Mao + settle accounts
赤化,become communist
周锋锁,Zhou Fengsuo
周封锁,Zhou Fengsuo
李卓人,Lee Cheuk-yan
令计划＋贪腐,Ling Jihua+corruption
令谷,Ling Gu
令计（划）＋苏荣,Ling Ji(hua)+Su Rong
苏荣＋江泽（民）,Su Rong+Jiang Ze(min)
苏荣＋（曾）庆红,Su Rong+(Zeng) Qinghong
刘迎霞＋吉林帮,Liu Yingxia+Jilin gang
曾庆红＋监视居住,Zeng Qinghong+reseidential surveillance
（曾）庆红＋豪宅,(Zeng) Qinghong+mansion
贺锦雷,He Jinlei
李小鹏,Li Xiaopeng
伪基站,fake base station
群发＋短信＋设备,crowd sent+text message+equipment
非京籍＋抗议,non-Beijing hukou+protest
血债帮,blood debt gang
89+(任意字符),89+(any keyword)
廿五周年,twenty-fifth anniversary
致敬,pay respects
6+4,6+4
8的平方,square of 8
tank man,tank man
占占点,[tanks crushing person]
占点占,[tanks crushing person]
邓屠夫,Deng [Xiaoping] The Butcher
解放军＋中越边境集结,PLA+mass at China-Vietnam border
25年,25 years
25years,25years
二十五年,twenty-five years
五月三十五,May Thirty-fifth
广场,square
悼念,mourn
春夏之交,when spring becomes summer
这一天,this day
Jonathan Mirsky＋网站,Jonathan Mirsky+website
红色恐怖,Red Terror
伊斯兰＋恐怖,Islam+terror
公园北街＋乌市,North Gongyuan Street
共产党＋腐败,Communist Party+corrupt
支持＋快播,support+QVOD
青年节,Youth Day
Facebook+办事处,Facebook+office
Facebook+办公室,Facebook+office
25周年,25th anniversary
64+屠杀,64+massacre
64+开枪,64+open fire
89+动乱,89+unrest
四＋开枪,four+open fire
天an门,TianANmen
平反,redress
天下围城,the world besieges the fortress
全民倒共,all the people topple communism
打砸烧,"beat, smash, and burn"
装甲车＋直升机,armored car+helicopter
中共政治局,Chinese Communist [Party] Politburo
南周事件,Southern Weekly incident
薄熙来＋器官,Bo Xilai+organs
H漫,H comics (hentai)
凌辱,assault [a woman]
puzhiqiang,puzhiqiang
PZQ,PZQ
习＋特勒,"Xi+tele [sounds like ""Hitler""]"
（习近平）讲话精神研究中心,(Xi Jinping) speech essence research center
中国教父＋习（近平）,Chinese Godfather Xi (Jinping)
xijin(ping),xijin(ping)
潘涂＋村民,Pantu+villagers
中泰＋垃圾焚烧,Zhongtai+garbage incineration
常委＋贪腐,[Politburo] standing committee member+corrupt
华润＋贺国强,China Resources+He Guoqiang
性交易,sex trade
傅部,Deputy Fu [Zhenghua]
付部,Deputy Fu [Zhenghua]
朱琳,Zhu Lin
电婊,Electric Whore
浦志强＋律师,Pu Zhiqiang+lawyer
浦志强＋失联,Pu Zhiqiang+lose contact
浦志强＋失踪,Pu Zhiqiang+missing
浦志强＋抄家,Pu Zhiqiang+search home and confiscate property
浦志强＋被抄,Pu Zhiqiang+be searched
哈儿律师＋失联,Lawyer Har+lose contact
哈儿律师＋失踪,Lawyer Har+missing
哈儿律师＋抄家,Lawyer Har+search home and confiscate property
浦＋律师＋失联,Pu+lawyer+lose contact
浦＋律师＋失踪,Pu+lawyer+missing
浦＋律师＋抄家,Pu+laywer+search home and confiscate property
陈一谘,Chen Yizi
乌鲁木齐＋悬赏,Urumqi+offer a reward
习＋爆炸,Xi+explosion
曾庆红＋儿子,Zeng Qinghong+son
曾庆红＋陈峰,Zeng Qinghong+Chen Feng
曾庆红＋刘振亚,Zeng Qinghong+Liu Zhenya
曾伟＋鲁能,Zeng Wei+Luneng
王凤清＋侄女,Wang Fengqing+niece
李克强＋王俊莲,Li Keqiang+Wang Junlian
林昭＋无罪,Lin Zhao+innocent
林昭＋苏州祭奠,Lin Zhao+Suzhou memorial rites
毛＋鞭尸,Mao+beat the body of the dead
毛＋僵尸,Mao+zombie
毛＋屠夫,Mao+butcher
毛＋屠杀,Mao+massacre
腊肉＋纪念馆,cured meat+mausoleum
三江＋十字架,Sanjiang+crucifix
拆除＋十字架,demolish+crucifix
林昭＋右派,Lin Zhao+rightist
林昭＋扫墓,Lin Zhao+pay respects
25周年纪念,25th anniversary commemoration
王晓玲 ,Wang Xiaoling
胡占凡＋被查 ,Hu Zhanfan+be investigated
胡占凡＋内幕交易,Hu Zhanfan+insider trading
（周）元根 ,(Zhou) Yuangen
老老虎,old tiger
old老虎,old tiger
边境＋士兵 ,border+soldier
持枪＋离队,carry firearms+break ranks
诱惑 ,seduce
色情,pornography
女＋交,woman+associate
杨佳＋我还有话要说,Yang Jia+When Night Falls
杨佳＋电影,Yang Jia+film
应亮＋我还有话要说,Ying Liang+When Night Falls
应亮＋杨佳,Ying Liang+Yang Jia
申维辰＋谭晶,Shen Weichen+Tan Jing
柯玲玲,Ke Lingling
习近平＋前妻,Xi Jinping+former wife
刘卫国,Liu Weiguo
丁家喜＋法院,Ding Jiaxi+court
丁家喜＋旁听,Ding Jiaxi+observe [trial]
丁家喜＋财产公示,Ding Jiaxi+financial disclosure
丁家喜＋官员财产,Ding Jiaxi+officials' assets
李蔚＋法院,Li Wei+court
李蔚＋旁听,Li Wei+observe [trial]
李蔚＋财产公示,Li Wei+financial disclosure
李蔚＋官员财产,Li Wei+officials' assets
公民＋运动,citizen+movement
赵常青,Zhao Changqing
茂名＋PX,Maoming+PX
茂名＋P（X）,Maoming+P[X]
茂名＋芳烃,Maoming+aromatic hydrocarbon
茂名＋化工,Maoming+chemical industry
茂名＋石化工程,Maoming+petrochemical engineering project
茂名＋血腥,Maoming+bloody
茂名＋警察,Maoming+police
茂名＋坦克,Maoming+tank
茂名＋屠杀,Maoming+massacre
茂名＋冲突,Maoming+conflict
茂名＋示威,Maoming+demonstration
茂名＋游行,Maoming+march
茂名＋聚集,Maoming+assemble
茂名＋上街＋散步,Maoming+take to the streets+take a walk
maoming＋PX,maoming+PX
maoming＋上街＋散步,Maoming+take to the streets+take a walk
詹敏利,Zhan Muli
茂名,Maoming
PX,PX
三峡＋老虎,Three Gorges+tiger
电力＋老虎,electric power+tiger
张春贤＋国安委,Zhang Chunxian+National Security Commission
周元根,Zhou Yuangen
政局动荡,political upheaval
Freeweibo,Freeweibo
抛售人民币,undersell the Renminbi
藏青会,Tibetan Youth Congress
张凤梅＋裸体,Zhang Fengmei+naked
习＋集权,Xi+centralization of state power
习＋江,Xi+Jiang
席主席,President Mat
除习,remove Xi
毛＋皇帝,Mao+emperor
中南海＋（权）斗,Zhongnanhai+(power) struggle
新疆＋刀,Xinjiang+knife
新疆＋恐怖,Xinjiang+terror
新疆人＋桂林,Xinjianger+Guilin
维吾尔族＋砍,Uyghur+cut
桂林＋西门桥,Guilin+Ximenqiao
桂林火车站,Guilin train station
桂林西门桥＋宝马车司机,Guilin Ximenqiao+BMW driver
西门桥＋宝马车司机＋新疆疑犯,Ximenqiao+BMW driver+Xinjiang suspect
中国烈士旅,China Martyrs Brigade
皮帽子,pi maozi [fur hats]
沈培平被调查＋贺国强,Shen Peiping under investigation+He Guoqiang
贺锦涛,He Jintao
刘霞＋软禁,Liu Xia+house arrest
曹顺利,Cao Shunli
捍卫新闻自由,defend freedom of the press
一审判决＋公民,one trial judgment+citizen
丁家喜＋赵常青,Ding Jiaxi+Zhao Changqing
李蔚＋袁冬,Li Wei+Yuan Dong
侯欣＋法院,Hou Xin+court
ICIJ,ICIJ [International Consortium of Investigative Journalists]
离岸＋维京,offshore+Virgin [Islands]
离岸＋金融,offshore+finances
双规＋大老虎,shuanggui+big tiger
逮捕＋大老虎,arrest+big tiger
温老虎,Tiger Wen
跑官,running official
前核心,former inner circle
杨洁篪＋辞职,Yang Jiechi+resign
习＋最近严厉讲话,Xi+most recent stern speech
傅某,a certain [person surnamed] Fu
尚福林＋落网,Shang Fulin+be captured
尚福林＋落马,Shang Fulin+be eliminated (as in a contest)
尚福林＋137亿,Shang Fulin+13.7 billion
尚福林＋敛财,Shang Fulin+gain wealth by unfair means
尚福林＋贪污,Shang Fulin+graft
尚福林＋巨贪,Shang Fulin+extremely corrupt
尚福林＋辞职,Shang Fulin+resign
尚福林＋被抓,Shang Fulin+be caught
蛤蟆＋死,toad+dead
蛤蟆＋病危,toad+critically ill
伊力哈木,Ilham
宋彬彬＋文革,Song Binbin+Cultural Revolution
李东生＋性贿赂,Li Dongsheng+sexual bribe
性爱视频,sex tape
人渣＋排行榜,scumbag+ranked list (shitlist)
解放军301+炸弹,PLA 301+bomb
毛＋秦始皇,Mao+Qing Shi Huang
毛＋杀人,Mao+homicide
毛＋魔鬼,Mao+monster
花园网,Garden Networks
习上,On Xi
陈光标＋第一桶金,Chen Guangbiao+first bucket of gold
陈光标＋忽悠＋欺骗,Chen Guangbiao+trick+cheat
小马奔腾＋大亨案,Galloping Horse [Film]+tycoon case
小马奔腾＋董事长,Galloping Horse [Film]+chairman of the board
李明＋小马奔腾,Li Ming+Galloping Horse [Film]
李明＋公安部,Li Ming+Public Security Bureau
李明＋李东生,Li Ming+Li Dongsheng
李明＋调查,Li Ming+investigation
北京公安局长,Beijing Public Security Bureau Director 
香港商报＋中纪委,Hong Kong Commercial Daily+Central Discipline Commission
中纪委＋大老虎,Central Discipline Commission+big tiger
常委＋财产,Standing Committee member+assets
方便面＋抓,instant noodles+grab
习＋老好人,Xi+nice guy
不伦不类,wishy-washy
习＋作秀,Xi+put on a show
习＋炒作,Xi+speculate
习＋演戏,Xi+put on an act
习＋大动作,Xi+big move
习＋新政,Xi+new administration
习＋前任,Xi+predecessor
习＋周,Xi+Zhou [Yongkang]
李东生＋习,Li Dongsheng+Xi
习负责,Xi is responsible [for...]
习明（泽）,Xi Ming[ze]
政治谣言,political rumor
政治内幕,politics behind the scenes
刀＋新疆,knife+Xinjiang
军队＋警察,army+police
毛＋专制,Mao+autocracy
毛＋独裁,Mao+dictatorship
谌洪果,Chen Hongguo
李东生＋汤灿,Li Dongsheng+Tang Can
李东生＋周,Li Dongsheng+Zhou
李东生＋zhou,Li Dongzheng+zhou
李东生＋ZK,Li Dongsheng+ZK
曹建明＋调查,Cao Jianming+investigate
习＋某平,Xi+Some-ping
习＋平平,Xi+Pingping
习＋亲属,Xi+relatives
联合报,United Daily News
联合新闻网,United Daily News Net
政府比房产商黑,government is shadier than property developers
kang,[Zhou Yong]kang
康康,Kangkang [Zhou Yongkang]
周勇康,Zhou Brave [yong]-kang
周永糠,Zhou Yong-bran [kang]
州永康,State [Zhou] Yongkang
洲永康,Continent [Zhou] Yongkang
粥永康,Congee [Zhou] Yongkang
粥永糠,Congee Yong-bran
粥涌康,Congee Gush [yong]-kang
舟永康,Boat [Zhou] Yongkang
咏康,Chant [yong]-kang
咏糠,Chant-bran
涌康,Gush-kang
涌糠,Gush-bran
臃康,Swollen [yong]-kang
媒体管制,regulation of media
微博＋审查,Weibo+censor
小秘书＋审查,little secretary+censor
总理＋改革,premier+reform
王铮,Wang Zheng
至宪党,Zhi Xian Party
天安门＋访民,Tiananmen+petitioners
天安门＋撒传单,Tiananmen+scatter pamphlets
（天）安门＋静坐,(Tian)anmen+sit-in
天安门＋炸弹,Tiananmen+bomb
天安门＋爆炸,Tiananmen+explosion
宪法法院,constitutional court
（习）近平＋薄,(Xi) Jinping+Bo [Xilai]
（习）近平＋锦涛,(Xi) Jinping+[Hu] Jintao
余姚＋现场,Yuyao+scene [of incident] 
余姚＋政府,Yuyao+government
余姚＋下台,Yuyao+step down
余姚＋武警,Yuyao+armed police
余姚＋特警,Yuyao+SWAT
余姚＋聚集,Yuyao+assemble
余姚＋冲突,Yuyao+conflict
余姚＋抗议,Yuyao+protest
余姚＋示威,Yuyao+demonstration
余姚＋集会,Yuyao+assembly
毛宏芳60分下台,Mao Hongfang 60 points step down
习＋家族,Xi+family
习仲勋＋儿子,Xi Zhongxun+son
高层恩怨与习仲勋,"Grudges, Gratitude, and Xi Zhongxun"
习＋明镜出版社,Xi+Mingjing Press
刁明泽,Xi Mingze
习正宁,Xi Zhengning
习富平,Xi Fuping
习和平,Xi Heping
习干平,Xi Ganping
习桥桥 ,Xi Qiaoqiao
习安安,Xi An'an
习远平,Xi Yuanping
刁远平,Diao Yuanping
习明正,Xi Mingzheng
中华民国＋万岁,long live+Republic of China
安全沙皇,security czar
周永kang,Zhou Yongkang
z永康,z Yongkang
周康康,Zhou Kangkang
康师傅＋中石油,Kang Shifu+CNPC
康师傅＋儿子,Kang Shifu+son
周薄,Zhou Bo
习＋同志,comrade+Xi
夏俊峰＋头七,Xia Junfeng+touqi [seventh day after death]
夏俊峰＋出殡,Xia Junfeng+hold a funeral procession
国殇,national martyr
习梦撕,Xi The Dream-Ripper
蒋公剿匪不力,Master Chiang fails to suppress the bandits
习梦撕（指习,Doctor [of Philosophy] Xi 
习＋论文,Xi+dissertation
刘美珣,Liu Meixun
半羽,Half-Feather
习三胖,Xi Third-Fatty
习＋左,Xi+left
习＋新政,Xi+new administration
习＋司令,Xi+commanding officer
宪政,constitutionalism
薄＋刘,Bo+Liu
薄＋死,Bo+death
薄＋保外就医,Bo+medical parole
薄＋（周）永康,Bo+(Zhou) Yongkang
薄王,Bo Wang
薄胡,Bo Hu
五个重庆,Five Chongqings
党内斗争,internal Party struggle
挺薄,support Bo
薄公,Master Bo
怀念＋薄,think fondly of+Bo
南华（早报）＋马云,South China (Morning Post)+Jack Ma
南华＋编辑部声明,South China+editors' statement
南华＋刘怡,South China+Liu Yi
马云＋六四,Jack Ma+Six Four
马云＋64,Jack Ma+64
马云＋八九,Jack Ma+Eight Nine
马云＋89,Jack Ma+89
许＋志＋永,Xu+Zhi+yong
许博士,Dr. [of Philosophy] Xu
刘卫国,Liu Weiguo
康素萍,Kang Suping
陈建刚,Chen Jiangang
孙村派出所,Suncun Police Station
第三看守所,No. 3 Detention Center
财产公示,financial disclosure
GSK,GSK
葛兰素史克,GlaxoSmithKline
李小琳,Li Xiaolin
香港+七一,Hong Kong+seven one
张晓明,Zhang Xiaoming
基本法+23,Basic Law+23
基本法+二十三,Basic Law+twenty-three
江贼,Jiang Betray[-the-People]
贼民,[Jiang] Betray-the-People
中环,Central [Hong Kong neighborhood]
七一+散步,seven one+take a walk
游xing,YOUxing [march]
皮帽子,leather hat
呆婊,stupid prostitutes
和田,Hotan
新疆+恐怖,Xinjiang+terror
新疆+暴力,Xinjiang+violence
新疆+27人死亡,Xinjiang+27 people dead
新疆+（小）偷,Xinjiang+(little) thief
浙大教授+上书,Zhejiang U. professor+submit letter to superior
浙江大学+上书,Zhejiang University+submit letter to superior
习帝,Emperor Xi [Jinping]
习大人,His Excellency Xi [Jinping]
政法委,Politics and Law Commission
zhengbian,zhengbian (coup)
李广年,Li Guangnian
18岁情妇,18-year-old mistress
中国动态调查委员会主任,Director of the Commission of Inquiry on Domestic Dynamics
孙政才+孟山都,Sun Zhengcai+Monsanto
孙政才+转基因,Sun Zhengcai+genetic modification
亡党,lose the Party
纪英男,Ji Yingnan
范悦+包养,Fan Yue+keep a lover
副司长+包养,deputy director+keep a lover
裸照,nude photo
栗战书,Li Zhanshu
Li战书,Li Zhanshu
栗zhanshu,Li Zhanshu
习哥,Brother Xi
刁哥,Brother Sly
彭+手机,Peng+cell phone
彭+拍照,Peng+take a photo
彭+苹果,Peng+apple
彭+iphone,Peng+iPhone
第一夫人+手机,first lady+cell phone
第一夫人+苹果,first lady+apple
第一夫人+iphone,first lady+iPhone
国母+手机,first lady+cell phone
国母+苹果,first lady+apple
国母+iphone,first lady+iPhone
习夫人+手机,Mrs. Xi+cell phone
习夫人+拍照,Mrs. Xi+take a photo
习夫人+苹果,Mrs. Xi+apple
习夫人+iphone,Mrs. Xi+iPhone
peng+liyuan,peng+liyuan
当前意识形态领域情况,current situation of the ideological sphere
89,89
64+24,64+24
tank,tank
anniversary,anniversary
hk64,hk64
viiv,viiv
（大）黄鸭,(big) yellow duck
烛光,candlelight
己巳月+乙未日,Jisi month+Yiwei day
八的平方,square of eight
祭奠,memorial ceremony
不适宜对外公开,inappropriate for the public
网络封锁,Internet block
蟹农场,Hexie Farm
敏感词,sensitive word
习+影帝,Xi+movie star
35,35
63+1,63+1
65-1,65-1
24年,24 years
june,june
Jun+4th,Jun+4th
三十五,thirty-five
二十四,twenty-four
六+四,six+four
六4,six 4
6四,6 four
liusi,liusi (six four)
bajiu,bajiu
陆肆,six four
陆四,six four
六肆,six four
捌玖,eight nine
捌九,eight nine
八玖,eight nine
六four,six four
six四,six four
six+four,six+four
八八,eight eight
今天,today
明天,tomorrow
那年,that year
那天,that day
特殊的日子,special day
艾晓明,Ai Xiaoming
晚会,evening event
蜡烛,candle
纪念,commemorate
TAM,TAM
tiananmen,tiananmen
square,square
天安门,tiananmen
广场,square
金水桥,Jinshuiqiao
反官倒,against bureaucratic profiteering
长安街,Changan Avenue
木樨地,Muxidi
公主坟,Gongzhufen
上街,take to the streets
坦克,tank
戒严,martial law
学运,student movement
学潮,student strike
镇压,suppression
屠杀,massacre
游行,march
北京屠城,Beijing massacred
丁子霖,Ding Zilin
张先玲,Zhang Xianling
胡耀邦,Hu Yaobang
赵紫阳,Zhao Ziyang
李鹏,Li Peng
袁木,Yuan Mu
严家其,Yan Jiaqi
高官+留学子女,high officials+children studying abroad
高官子女+回国,children of high officials+return home
二十四周年,twenty-fourth anniversary
维园+晚会,Victoria Park+evening event
司徒华,Szeto Wah
李建国+调查,Li Jianguo+investigation
李维国,Li Weiguo
徐向荣,Xu Xiangrong
李文生,Li Wensheng
24周年,24th anniversary
youxing,youxing (march)
鲍朴,Bao Pu
福清纪委爆炸案,Fuqing Discipline Inspection Commission Bombing Incident
吴昌龙,Wu Changlong
吴英华,Wu Huaying
林秀英,Lin Xiuying
陈科云,Chen Keyun
潘涂,Pantu
王补,Wang Bu
围观+黑监狱,surround and watch+black jails
资阳黑监狱,Ziyang black jail
维权律师,rights defense lawyers
赤匪,red bandits
红匪,red bandits
gong匪,gong bandits
gongfei,gongfei
钟涛,Zhong Tao
京+wen,Jing+wen
袁莉亚,Yuan Liya
七不讲,seven don't mentions
何兵,He Bing
六点声明,six-point statement
邓卓棣+美国,Deng Zhuodi+U.S.
邓卓棣+性骚扰,Deng Zhuodi+sexual harassment
邓卓棣+红三代, Deng Zhuodi+red third generation
安徽女子,Anhui girl
京+温,Jing+Wen
袁利亚,Yuan Liya
木樨园,Muxiyuan
大红门,Dahongmen
南三环,South Third Ring [Road]
直升机,helicopter
国轩,Guoxuan
电池厂,battery factory
5月4日+散步,May Fourth+take a walk
5月4日+示威,May Fourth+demonstrate
朱令,Zhu Ling
孙维,Sun Wei
铊,thallium
清华+中毒,Tsinghua+poisoning
清华+投毒,Tsinghua+poison
财产公示+九君子,financial disclosure+nine gentlemen
赵长青,Zhao Changqing
丁家喜,Ding Jiaxi
色力布亚,Selibuya
世维会,World Uyghur Congress
25周年,25th anniversary
成都PX项目,Chengdu PX project
5月4日+九眼桥+散步,May 4th+Jiuyan Bridge+take a walk
彭州+PX,Pengzhou+PX
地产党,Real Estate Party
范继跃,Fan Jiyue
芦山县委书记,Lushan County Party Secretary
李克强+作秀,Li Keqiang+put on a show
总理+影帝,prime minister+movie star
三峡+四川地震,Three Gorges+Sichuan earthquake
西金平,West Gold-peace (Xi Jinping)
西晋平,Western Jin Peace (Xi Jinping)
洗尽平,Fully-washed Peace
洗净平,Whistle-clean Peace (Xi Jinping)
洗进瓶,Wash into Bottle (Xi Jinping)
锡金瓶,Sikkim Bottle (Xi Jinping)
一帆风顺,may the wind fill your sails
微服（私访）,dress as a commoner (to secrectly see how commoners live)
钓鱼台,Diaoyutai [State Guesthouse]
郭立新,Guo Lixin
习+假新闻,Xi+fake news
习+出租,Xi+hire
习+打的,Xi+hail a taxi
习+打车,Xi+hail a car
习+的哥,Xi+Taxi Brother
习+总书记,Xi+secretary-general
xi+总书记,xi+secretary-general
总书记+打车,secretary-general+hail a car
总书记+打的,secretary-general+hail a taxi
圣奴隶,saintly slaves
耀邦,Yaobang
24周年,24th anniversary
改革派,reformist
胡赵,Hu Zhao
胡总书记,Secretary-General Hu
纽约时报+宝宝,New York Times+baby
任贤良,Ren Xianliang
该关就关,close those which must be closed
个人媒体+无法无天,individual media+defy both heaven and law
统筹两个舆论场,coordinate two spaces for public opinion
陕西省委宣传部,Shaanxi Provincial Party Committee Propaganda Department
陕西宣传部,Shaanxi Propaganda Department
马三家女子劳教所,Masanjia Women’s Labor Re-education Camp
十年前非典+十年后禽流感,SARS ten years ago+bird flu ten years later
竹席,bamboo mat
猪席,pig mat
主习,lord Xi
猪习,pig Xi
zhu习,zhu mat
习+facebook,Xi+facebook
习+脸谱,Xi+facebook
xi主席,Chairman xi
蛤蛤,Toady
蛤丝,Toad thread
蛤主席,Chairman Toad
戒严,martial law
国保,Domestic Security Department
一党执政,one party holds power
昆明+PX,Kunming+PX
安宁+PX,Anning+PX
抵制PX,boycott PX
习boss,boss Xi
习+国母,Xi+first lady
习+彭,Xi+Peng
习+假,Xi+fake
习+王,Xi+king
习+江,Xi+Jiang
习+总,Xi+chief
习+李,Xi+Li
九总统,nine presidents
hu+wen,hu+wen
黄浦江+死猪,Huang River+dead pigs
彭丽媛+同款,Peng Liyuan+similar items
第一夫人+同款,first lady+similar items
彭阿姨,Auntie Peng
习+老,Xi+old
江派,Jiang faction
黄挖挖,Digger Huang
黄WW,Huang WW
黄新初+下课,Huang Xinchu + end class
彭州+石化,Pengzhou + petrochemical industry
涛宝,Tao-Bao
席总,Chief Xi
反对票,dissenting vote
预测+领导人,predict + leaders
预测+主席,predict + chairman
预测+总理,predict + prime minister
终身成就奖,lifetime achievement award
权力+交接,power + handover
胡习,Hu-Xi
习胡,Xi-Hu
猪投上海,pig-throw Shanghai
路透+数据库,Reuters + database
中国官场,Chinese officialdom
connected China,connected China
陈思思,Chen Sisi
瘟疫,pestilence
揭阳,Jieyang
揭西,Jiexi
yu素鸡,yu veggie chicken
蛤蟆精,Toad Spirit
哄产党,Commu-kidding Party
金人庆,Jin Renqing
上浦,Shangpu
棉湖,Mianhu
误邦国,Wu Bangguo
无邦国,Wu Bangguo
吴绑国,Wu Bangguo
吴帮国,Wu Bangguo
无帮国,Wu Bangguo
误帮国,Wu Bangguo
新闻封锁,news blackout
长春+禁令,Changchun + ban
长春+报道要求,Changchun + reporting requirements
接班,succeed
温家宝+卸任,Wen Jiabao + leave office
温+十年,Wen + ten years
执政+十年,govern + ten years
送温神,see off the god Wen
瘟神,the god of plague
X产党,Commun-x Party
沙逼+北京,sand c**t + Beijing
两会+雷人,Two Sessions + shock
五不搞,Five Do-Nots
三个至上,Three Above-Alls
影帝+谢幕,movie star + take a curtain call
三鞠躬,three bows
温家宝+房价,Wen Jiabao + housing prices
影帝+wen,movie star + wen
捍卫新闻自由,defend freedom of the press
舆论钳制,suppression of public opinion
王登朝,Wang Dengchao
朱瑞峰,Zhu Ruifeng
体制外200万,2 million outside of the system
体制外二百万,two million outside of the system
去温,go warm
刁总,President Sly
刁主席,Chairman Sly
贾不假,The Jia family is not fake
白玉为堂金做马,white jade form the Halls; gold compose their horses
我的奋斗,Mein Kampf
月月鸟,Moon Moon Bird
周老虎,Tiger Zhou
周政法,Politburo Zhou
方便面＋下台,instant noodles+leave office
方便面＋出事,instant noodles+have a mishap
方便面＋双规,instant noodles+double detention
方便面＋被抓,instant noodles+caught
方便面＋被捕,instant noodles+arrested
习＋老虎,Xi+tiger
吴兵＋白手套,Wu Bin+white glove 
令谷,Ling Gu
新京报社长,Beijing News president
XJB,XJB
戴自更,Dai Zigeng
戴社长,President Dai
社长+辞职,president + resign
新京报+辞职,Beijing News + resign
转载环球,reprint Global [Times]
289,289
报社,press office
广州大道,Guangzhou Avenue
献花,present flowers
NF,NF
nanzhou,nanzhou
southern+weekend,southern + weekend
共同声明,joint statement
报禁,press prohibition
新闻自由,freedom of the press
贺词,message of greeting
献词,dedication message
违宪,violate the constitution
南,south
方,place
周,week
末,end
nf+zm,nf + zm
nanfang,nanfang
读懂中国,read and understand China
宪政,constitutionalism
中国梦,China dream
中宣,Central Propaganda [Department]
宣传部,Propaganda Department
审查,censor
庹震,Tuo Zhen
坨震,Lump Zhen
尺度,measure
广东+宣传部,Guangdong + Propaganda Department
南方周末+新年献词,Southern Weekly + New Year’s greeting
南周+新年献词,Nan Zhou + New Year’s greeting
中国梦+宪政梦,China dream + dream of constitutionalism
牛妖,Ox Demon
戴相龙,Dai Xianglong
致敬十大反对者,Tribute to Ten Protesters
泰鸿公司,Taihong Co.
陈破空,Chen Pokong
李克强+PS,Li Keqiang + PS
新华社+PS,Xinhua + PS
俞正声+哥哥,Yu Zhengsheng + older brother
俞正声+家族,Yu Zhengsheng + family
张德江+动车,Zhang Dejiang + power car
素鸡,veggie chicken
全能神,Almighty God
东方闪电,Eastern Lightning
实际神,Real God
长老,elders
七常委,seven Standing Committee members
长萎,long atrophy
常萎,often atrophy
河殇,River Elegy
令JH,Ling JH
谷丽萍,Gu Liping
谷源旭,Gu Yuanxu
周本顺,Zhou Benshun
部长,department head
中组部,Central Committee Organization Department
刘奇葆,Liu Qibao
新疆+切糕,Xinjiang + qiegao
岳阳+切糕,Yueyang + qiegao
切糕+16万,"qiegao + 160,000"
卫星锅盖,satellite dish
李彦宏+离婚,Robin Li + divorce
李彦宏+婚变,Robin Li + marriage crisis
李彦宏+小三,Robin Li + mistress
鸿忠+录音笔,Hongzhong + pen recorder
抢录音笔,grab the pen recorder
抢笔书记,pen-grabbing secretary
抢笔省长,pen-grabbing governor
录音笔事件,pen recorder incident
eighteen big,eighteen big
向巴平措,Qiangba Puncog
习JP,XiJP
习书记,Secretary Xi
习皇,Emperor Xi
习夫人,Lady Xi
皇后娘娘,Her Majesty the Empress
第一夫人,First Lady
彭夫人,Lady Peng
dejiang,dejiang
gaoli,gaoli
jiaqinglin,jiaqinglin
jinping,jinping
keqiang,keqiang
qishan,qishan
wangyang,wangyang
yunshan,yunshan
zhengsheng,zhengsheng
七巨头,Seven Chiefs
李总理,Prime Minister Li
金日成+大学,Kim Il-sung + university
刘永清,Liu Yongqing
温总理,Prime Minister Wen
阎晶晶,Yan Jingjing
薄温,Bo Wen
开会+打架,hold a meeting + fight
会场+打架,assembly hall + fight
会后+打架,after the meeting + fight
登基,ascend the throne
内定,decide behind closed doors
习李,Xi-Li
裸腿,naked leg
裸退,naked retirement
七长老,Seven Elders
政治中心区,area of political importance
出租车+填表,taxi + fill out a form
出租车+长安街,taxi + Chang'an Avenue
封闭车窗,seal off a car window
出租车+窗,taxi + window
公交车+窗,bus + window
石八大,stone eight big
石巴大,stone bar big
斯巴达,Sparta
斯巴大,Sparbig
屎吧嗒,shit smack
屎粑大,the shit cake is big
思八达,think eight arrive
丝八大,thread eight big
丝巴大,thread bar big
撕八大,tear eight big
撕巴大,tear bar big
死八大,die eight big
死巴大,die bar big
范徐丽泰,Rita Fan
2.7b,2.7b
27+美元,27 + U.S. dollars
王卫东,Wang Weidong
白涛,Bai Tao
纽时,Niu Shi
扭腰times,Twisttimes
刘奇,Liu Ji
王辉忠,Wang Huizhong
宁波+大学生,Ningbo + college student
宁波+追悼会,Ningbo + memorial service
宁波+公安局+王伟标,Ningbo + Public Security Bureau + Wang Weibiao
市长刘奇,Mayor Liu Ji
天一广场,Tianyi Square
wen+亿,wen + hundred million
wen+纽约,wen + New York
wen+家人,wen + family
wen+财产,wen + assets
wen+财富,wen + wealth
总理+家人,prime minister + family
总理+家族,prime minister + family
总理+财产,prime minister + assets
镇海,Zhenhai
PX,PX (paraxylene)
我们要生存 我们要吃饭,"We want to survive, we want to get by"
催泪弹,tear gas
集体上访,collectively petition officials
宁波+散步,Ningbo + take a walk
莺歌海,Yinggehai
赵连海,Zhao Lianhai
樊奇杭,Fan Qihang
纽约时报,New York Times
纽约SB,New York SB
扭腰时报,Twist Times
NY,NY
New York Times,New York Times
27亿,2.7 billion
温+财产,Wen + assets
温+财富,Wen + wealth
温+家族,Wen + family
温+总理,Wen + prime minister
温宝,Wen treasure
温党,Wen Party
温帝,Wen Emperor
影帝,movie star
温夫人,Lady Wen
温+钻石女王,Wen + diamond queen
杨志云,Yang Zhiyun
段伟红,Duan Weihong
戴梦得,Daimengde
温太子,Crown Prince Wen
温少爷,Young Master Wen
郑建源,Zheng Jianyuan
中国卫通,China Satellite Communications Corporation
创优科技,Excellence Science and Technology
新天域资本公司,New Horizon Capital
帝国+分裂,empire + break apart
泸州交警,Luzhou traffic police
泸州+骚乱,Luzhou + riot
泸州+民愤,Luzhou + public anger
保卫斯巴达,defend Sparta
双开,double expulsion
支持+薄,support + Bo
拥护+薄,endorse + Bo
挺+薄,endure + Bo
18大+薄,18big + Bo
十八（大）+薄,Eighteen (Big) + Bo
重庆+薄,Chongqing + Bo
王立军+薄,Wang Lijun + Bo
入常,enter Standing Committee
逼宫,force the king to abdicate
胡德平,Hu Deping
刁哥,Brother Sly
坐轮椅出来,come out in a wheelchair
北京+乱,Beijing + chaos
库车,Kuqa
婊叔,Prostitute Uncle
李金（柱）,Li Jin(zhu)
（李）金柱,(Li) Jinzhu
表哥,Watch Brother
表叔,Watch Uncle
李省长,Governor Li
李副省长,Vice Governor Li
反日,anti-Japan
抗日,anti-Japan
砸+车,smash + car
打砸,smash + car
吴龙,Wu Long
抗议,protest
打砸抢,"beating, smashing and looting"
暴徒,thug
封校,school closure
亮马桥,Liangmaqiao
焦国标,Jiao Guobiao
王+成都,Wang + Chengdu
肝癌,liver cancer
背伤,back injury
皇储,crown prince
储君,crown prince
X近平,XJinping
jinping,jinping
近平+车祸,Jinping + car accident
国强+车祸,Guoqiang + car accident
HeGuoqiang,HeGuoqiang
百鸡王,King of the Hundred Chickens
国民教育,national education
国教科,national education course
政府总部,central government offices
政总,central government offices
罢课,student strike
鱼素鸡,Fish Veggie Chicken
学民思潮,Scholarism
双规,dual designation
捅鸡局,Bureau of Dicking Around
赵天韶,Zhao Tianshao
顾纪祥,Gu Jiyang
章丽霞,Zhang Lixia
屁民报,Rabble News
P民报,P People News
替身,stand-in
裸照,naked photos
不雅照,vulgar photos
温世珍,Wen Shizhen
狐瘟,fox plague
合肥+法院,Hefei + court
开庭,open court session
审理,try [a case]
范承秀,Fan Chengxiu
毒杀,kill with poison
bo+guagua,bo+guagua
领馆,consulate
经济观察报+查封,Economic Observer + seize
内联网,intranet
卖淫,prostitution
防火长城,Great Firewall
兲朝,Celestial Empire
邪灵,evil spirit
启冬,Qidong
启西,QiWest
qi东,qiEast
起东,Qidong
王子纸业,Oji Paper
洗脑,brainwashing
国家+军队,country + army
孙建华,Sun Jianhua
启东,Qidong
QD,QD
Q东,QDong
启D,QiD
王子造纸,Oji Paper
傅政华,Fu Zhenghua
头七,first seven days after a death
北京+问责,Beijing + assign blame
北京民政局,Beijing Municipal Bureau of Civil Affairs
捐你妹,donate my ass
南周,Nan Zhou
南方周末,Southern Weekend
郭,Guo
金,Jin
龙,Long
guo,guo
jin,jin
long,long
郭JL,GuoJL
王,Wang
安,An
顺,Shun
an,an
shun,shun
市长,mayor
通报,briefing
死亡人数,death toll
房山+死亡,Fangshan + death
北京+死亡,Beijing + death
北京+吉林,Beijing + Ji Lin
书记+辞职,secretary + resign
书记+下课,secretary + leave class
李士祥,Li Shixiang
金龙,Jinlong
安顺,Anshun
张高丽,Zhang Gaoli
郭金龙,Guo Jinlong
王安顺,Wang Anshun
北京+辞职,Beijing + resign
北京+下台,Beijing + leave office
市长+下课,mayor + dismiss
市长+下台,mayor + leave office
市长+辞职,mayor + resign
正腐,govern-rot
胡,Hu
HU主,HUzhu
刘淇+吉林,Liu Qi + Jilin
刘淇+长白山,Liu Qi + Changbaishan
刘淇+封山,Liu Qi + close off a mountain
刘淇+围堵,Liu Qi + encircle
天池,Heaven Lake
温+总理,Wen + Premier
蓟县,Ji County
孤立事件,isolated incident
奸相,leader who brings down the country by abusing his power
习,Xi
XI,XI
XJP,XJP
国家主席,President [of the Nation]
彭博,Bloomberg
Bloomberg,Bloomberg
齐桥桥,Qi Qiaoqiao
齐安安,Qi An'an
邓家贵,Deng Jiagui
吴龙,Wu Long
张燕南,Zhang Yannan
北京+合康,Beijing + Hiconics
新邮通,New Postcom
江西稀土,Jiangxi Rare Earths
七一+上街,July 1 + take to the streets
七一+示威,July 1 + march
you行,youGO
维多利亚,Victoria
铜锣湾,Causeway Bay
沦陷,fall into enemy hands
大话精,Big Liar
梁振英,Leung Chun-ying
港共,Hong Kong Communist Party
沙溪,Shaxi
豪吐,Haotu
左滩,Zuotan
中山+聚集,Zhongshan + gathering
中山+芒果,Zhongshan + mango
中山+骚乱,Zhongshan + riot
四川+小学生,Sichuan + elementary school student
四川+芒果,Sichuan + mango
胡主席,Chairman Hu
捡国旗,pick up the flag
通稿,wire story
九千岁,9000 years old
作秀,make a show
伊利+奶粉,Yili + milk powder
伊利+汞,Yili + mercury
含笑酒泉,die happy
LWY,LWY
liwangyang,liwangyang
人权+行动,human rights + action
长虹桥+警车,Changhongqiao + police car
茅于轼,Mao Yushi
boxun,boxun
changweibo.com,changweibo.com
太阳宫+热电厂,Taiyanggong + thermal power station
太阳宫+爆炸,Taiyanggong + explosion
热电厂+爆炸,thermal power station + explosion
北京+巨响,Beijing + loud sound
北京+发生爆炸,Beijing + explosion occurred
李旺阳,Li Wangyang
汤灿,Tang Can
章子怡+接受调查,Zhang Ziyi + accept investigation
章子怡+限制出境,Zhang Ziyi + restricted from leaving the country
占占人,man (人) in front of two tanks (占)
上证,Shanghai Composite
收盘,closing quotation [in stock market]
指数,index
下跌,fall [of price]
股市,stock market
令公子,Prince Ling
小令,Little Ling
高速+车震,high-speed + car sex
车祸+车震,car crash + car sex
国家安全沙皇,national security czar
三角政治联盟,triangle political alliance
木樨地,Muxidi
公主坟,Gongzhufen
北京屠城,massacre in Beijing
明天,tomorrow
昨天,yesterday
火,fire
烛,candle
血,blood
民,people
运,movement
政,government
动,move
坦,tǎn (as in tank 坦克)
碾,crush
祭,ceremony
8,8
八,eight
捌,eight
eight,eight
9,9
九,nine
玖,nine
nine,nine
6,6
六,six
陆,six
six,six
4,4
四,four
肆,four
four,four
35,35
23,23
二十三,twenty-three
廿三,twenty-three
三十五,thirty-five
周年,anniversary
今天,today
那年,that year
宣言,declaration
纪念,commemorate
公园,park
维园,Victoria Park
平反,redress
悼念,mourn
追思,recall
默哀,silent tribute
晚会,evening event
黑衣,black clothes
上街,go into the street
勿忘,never forget
毋忘,never forget
小秘书,Little Secretary
推特,Twitter
主义,-ism
自治,autonomous
（天）安门母亲,(Tian)anmen Mothers
北岛,Bei Dao
袁木,Yuan Mu
邓力群,Deng Liqun
严家其,Yan Jiaqi
韩东方,Han Dongfang
翟伟民,Zhai Weimin
陈子明,Chen Ziming
巨无霸,Big Mac
八一广场,Bayi Square
揭秘,uncover secrets
色猫,sex kitten
腌肉,salted meat
鸵鸟肉,ostrich meat
韩耀 ,Han Yao
连环失踪案,chain of missing people
大腿肉,thigh meat
尸骨,skeleton
剔肉埋骨,strip the flesh and bury the bones
吃+少年,eat + juvenile
吃+受害者,eat + victim
人权,human rights
renquan,renquan
ren权,renRights
人quan,HumanQuan
human rights,human rights
晋宁,Jinning
食人魔,cannibal
杀人狂,homicidal mania
吃人,eat people
张永明,Zhang Yongming
云南+失踪,Yunnan + missing
肢解+尸体,dismember + corpse
云南+杀,Yunnan + kill
雷锋,Lei Feng
乌尔,Wu'er
猥亵,obscene
冤案,unjust case
炫富女,Show-Off Girl
马力宏,Ma Lihong
马驰+法拉利+新加坡,Ma Chi + Ferrari + Singapore
周永,Zhouyong
zy康,zyKang
z永K,zYongK
刘明泽,Liu Mingze
财产+公示,assets + make public
财产+公布,assets + issue
（梅）宁华,(Mei) Ninghua
平可夫,Ping Kefu
殷德义,Yin Deyi
李禾禾,Li Hehe
习公主,Princess Xi
习+明泽,Xi + Mingze
纽约大学,New York Univeristy
骆+信访办,Locke + Office of Letters and Complaints
陈光C,Chen Guang C
陈G诚,Chen G Cheng
C光C,C Guang C
CG诚,CG Cheng
路透,Reuters
十八+延期,eighteen + postpone
18+延期,18 + postpone
人大委员长,NPC Standing Committee chairman
北京日报,Beijing Daily
墨镜哥,Sunglasses Brother
眼镜哥,Glasses Brother
美国+信访办,U.S. + petition office
骆家辉+信访办,Gary Locke + petition office
五四+一个月,May Fourth + one month
捌玖,nine eight
玖捌,eight nine
朝阳医院,Chaoyang Hospital
自行离开,left of his own volition
骆家辉+医院,Gary Locke + hospital
光cheng,Guangcheng
guang诚,guangcheng
美+大使,U.S. + embassy
朝阳医院+骆家辉,Chaoyang Hospital + Gary Locke
朝阳医院+华盛顿邮报,Chaoyang Hospital + Washington Post
越狱,escape from prison
变态辣椒,Rebel Pepper
领事馆,consulate
法广,Radio France Internationale
linyi,linyi
,
阿炳,Abing
三点要求,three requests
胡佳+曾金燕,Hu Jia + Zeng Jinyan
王铮,Wang Zheng
美的惊动了党,beauty shocked the Party
珍珠,pearl
zhen+zhu,zhen+zhu
何培蓉,He Peirong
陈克贵,Chen Kegui
UA898,UA898
使馆,embassy
CNN,CNN
BBC,BBC
肖申克,Shawshank Redemption
临沂,Linyi
GC,GC
盲人,blind man
瞎子,blind man
guangcheng,guangcheng
光+诚,light + truth
声援+赵普,support + Zhao Pu
赵普+停职,Zhao Pu + suspended from duties
赵普+停岗,Zhao Pu + suspended from post
GKL,GKL
权斗 ,power struggle
公告 ,announcement
特警 ,special police
袭来 ,Surprise-Attack Comes
赖昌星,Lai Changxing
被刺,stabbed/murdered
被砍,pricked
被扎,cut
人民+医院,people + hospital
邢志敏,Xing Zhimin
航天总医院,Aerospace General Hospital
711,711
吕福志,Lü Fuke
亡国,doomed nation
綦江,Qijiang
我们要吃饭,we want to eat
万盛,Wansheng
立案,filed for investigation
纪委,Commission for Discipline Inspection
调查,investigate
广隶,Guang Li
尼尔,Neil
英国+商人,British businessman
英国+保姆,British housekeeper
熙,Xi
瓜瓜,Guagua
BO,BO
XI,XI
重庆,Chongqing
火锅,hotpot
西红柿,tomato
西南王,King of the Southwest
渝督,Minister of Yu
谷,Gu
开来,Kailai
gu,gu
kailai,kailai
王丽娟,Wang Lijuan
护士长,head nurse
大力王,Energetic Wang
王立JUN,Wang Li JUN
wanglijun,wanglijun
叛逃,defect
中共中央,Central Committee
篡党,usurp Party leadership
温相,Wen Xiang
政治斗争,political struggle
励之,Lizhi
方lizhi,Fang lizhi
方校长,[University] President Fang
中科大+校长,University of Science and Technology of China + president
习+薄,Xi + Bo
习储君,Crown Prince Xi
北京日报+总书记,Beijing Daily + secretary-general
换班,changing of the guard
倪玉兰,Ni Yulan
肖勇,Xiao Yong
欧荣贵,Ou Ronggui
杨崇,Yang Chong
刘珊娟,Liu Shanjuan
黄文勋,Huang Wenxun
张新起,Zhang Xinqi
gov,gov
习禁评,Xi Cannot-Comment
政法委+培训,Political and Legislative Affairs Committee + training
地方党委,local Party committee
HU锦套,HU Embroidered-Set
民主自由,democratic freedom
,
徐明,Xu Ming
实德+经济案,[Dalian] Shide [Group] + economic case
温女婿,Wen's son-in-law
北京+斗争,Beijing + fight
京城+斗争,capital city + fight
被阉,be castrated
刘晓原,Liu Xiaoyuan
尔康,Erkang
共军,communist armed forces
重庆+薄熙来,Chongqing + Bo Xilai
习主席,Chairman Xi
梁振英+人民网,Leung Chun-ying + PeopleNet [People's Daily Online]
梁振英+简历,Leung Chun-ying + résumé
梁振英+同志,Leung Chun-ying + comrade
梁书记+人民网,Secretary Leung + People Daily Online
抗议+油价,protest + price of oil
解禁,lift a ban
女同,female comrade (lesbian)
警变,[armed] police mutiny
西藏+自焚,Tibet + self-immolation
藏+里,[Tibet] + inside
抵制日货,boycott Japanese goods
4月3日,April Third
四+事件,four + incident
海伍德,Heywood
张德江,Zhang Dejiang
调入,transfer
军车,military vehicle
政法委+武警,Politics and Law Commission + armed police
北京+军警,Beijing + military and police
军队+枪响,army + sound of gunshots
换血,change blood
薄瓜瓜,Bo Guagua
贾公子,Prince Jia
北京+军车,Beijing + miltary vehicle
北京+军队,Beijing + army
四大天王+被秒,four great emperors + seconded
京城+戒严,capital + impose martial law
北京+戒严,Beijing + impose martial law
军队+进京,army + enter the capital
li长春,li Changchun
胡石根,Hu Shigen
封从德,Feng Congde
绝食书,Hunger Strike Declaration
四二二+事件,four two two + incident
四二六社论,four two six editorial
四二七+游行,four two seven + march
四+运动,four + movement
重庆模式,Chongqing model
尼尔伍德,Neil Wood
Neil Wood,Neil Wood
Nick Haywood,Nick Haywood
胡core,Hu core
习core,Xi core
江+蛤蟆,Jiang + toad
周永k,Zhou Yongk
zhou永康,zhou Yongkang
江胡斗,Jiang-Hu fight
康+宝宝,Kang + babies
王护士长,Head Nurse Wang
师傅+天线,master + antenna
造反,rebel
中共+内讧,CCP + internal conflict
高层+内讧,high level + internal conflict
高层+内斗,high level + internal struggle
康师傅,Kang Shifu
面瘫胡,Frozen-Faced Hu [Jintao]
六扇门,imperial judiciary
水工系,Department of Irrigation Works
天线宝（宝）,Teletubby
江小鱼,Jiang Little-fish
方便面+下架,instant noodles + expired
轮胎+天线,tire + antenna
习+太子,Xi + princeling
兵变,mutiny
zhou yongkang,zhou yongkang
ZYK,ZYK
周YK,Zhou YK
胡一刀,Hu Yidao
帝都,imperial capital
康师傅+下架,Kang Shifu + expired
王丽娟+护士长,Wang Lijuan + head nurse
番号不明部队,troops of unclear designation
天线宝宝+康师傅,Teletubby + Kang Shifu
天线宝宝+方便面,Teletubby + instant noodles
天线宝宝+轮胎,Teletubby + tire
锦湖轮胎,Jin Hu tire
锦胡轮胎,Jin Hu tire
京城+内斗,capital + internal struggle
北京+内斗,Beijing + internal struggle
中共+内斗,CCP + internal struggle
3月20日,March 20th
北京+昨晚,Beijing + last night
北京+大事,Beijing + big event
北京+枪,Beijing + gun
政变,coup d'état
领导层,level of leaders
北京+出事,Beijing + something happened
军车如林,forest of military vehicles
正规军调入,regular army transfer
北京高层,Beijing high level
falali,falali
实名,real name
邓立群,Deng Liqun
立军,Lijun
王立军,Wang Lijun
BXL,BXL
boxilai,boxilai
熙来,Xilai
西来,Xilai
谷开来,Gu Kailai
查身份证,check identification
尚书,imperial high minister
北四环+车祸,North Fourth Ring + car crash
保福寺+车祸,Temple of the Guarding of Blessing
法拉利,Ferrari
薄,Bo
3月13日,March 13th
李月月鸟,Li Moon Moon Bird [Li Peng]
砍刀,machete
丁家班,Ding Jiaban
东方红时空,East Is Red Space (CCTV staff Spring Festival show)
李庄事件,Li Zhuang incident
章沁生,Zhang Qinsheng
马晓军,Ma Xiaojun
税正宽,Shui Zhengkuan
外泄,leak (secrets)
新疆+砍杀事件,Xinjiang + hacking death incident
叶城,Kargilik
WLJ,WLJ
何厚铧,He Houhua
黄明,Huang Ming
李颖,Li Ying
38军,38th Army
大活,Angelica dahurica
瘦腿袜,slimming stockings
不厚,not thick
姜维平,Jiang Weiping
王立军+公开信,Wang Lijun + open letter
黄奇帆,Huang Qifan
邱进,Qiu Jin
团中央,Communist Youth League
保护性拆除+临时性强奸,protective demolition + temporary rape
平西王,King Who Pacified the West
来俊臣,Lai Junchen
薄督,Captain Bo
成都美领馆,U.S. consulate in Chengdu
美领馆,U.S. embassy
政治庇护,political asylum
叙利亚+紧急声明,Syria + emergency declaration
王立军,Wang Lijun
盲人律师,blind lawyer
苹果日报,Apple Daily
刘信达,Liu Xinda
甘孜,Garze
阿坝,Aba (Prefecture)
活埋+名单,bury alive + list of names
200+活埋,200 + bury alive
去国声明,leave the country and make a statement
网络评论员,Internet commentator
李思思男友,Li Sisi's boyfriend
薄熙来,Bo Xilai
七周年,seventh anniversary
7周年,7th anniversary
艾晓明,Ai Xiaoming
暴露,divulge
宪政民主,constitutional democracy
宗教+迫害,religion + persecution
同胞书,Books of Compatriots
反共,anti-communist
钱小芊,Qian Xiaoqian
互联网信息办公室,Internet Information Office
员老,elders [of CCP]
国台办,Taiwan Affairs Office
黎庆洪+涉黑,Li Qinghong + criminal activity
十七届+中央,17th + CCP
台湾独立,Taiwan independence
争鸣,contend
温总,Chief Wen
布局,arrangement (of chessboard)
军阀,warlord
删除负面信息,delete negative information
负面信息删除,negative information delete
网络删帖,deleted online posts
影帝温,Movie Star Wen
东京热,Tokyo-Hot
费孝通,Fei Xiaotong
余杰,Yu Jie
截访,block petitioners
人体,human body
丁书苗,Ding Shumiao
刘荻,Liu Di
独立中文笔会,Independent Chinese PEN Center
中国之春,Chinese Spring
黄雀行动,Operation Yellowbird
高自联,Capital Autonomous Federation of University Students
北高联,Capital Autonomous Federation of University Students 
民主中国,democratic China
夺权,seize power
黄丽满,Huang Liman
朝鲜+政变,North Korea + coup
朝鲜+兵变,North Korea + mutiny
square,square
lichangchun,lichangchun
xijinping,xijinping
庹,Tuo
坨,lump
2000+大禹治水,2000 + Yu the Great Controls the Waters
南周,Nan Zhou
南方周末,Southern Weekly
公开信,open letter
献词事件,New Year's greeting
煽动颠覆国家政权,incite subversion of state power
中联办,Liaison Office of the Central People's Government [in Hong Kong SAR]
热比娅,Libya
智晟,Zhisheng
港支联会,Hong Kong Alliance
国政通,Guozhengtong (microblog real-name marketplace)
动乱,turmoil
吕加平,Lü Jiaping
江宋,Jiang Song (Jiang Zemin)
江鬼,Devil Jiang (Jiang Zemin)
宪法35条,Article 35 of the constitution
薛健婉,Xue Jinbo
黄玉斌,Huang Yubin
天鹅绒革命,Velvet Revolution
黄莉新,Huang Lixin
毛小平,Mao Xiaoping
第一书记,first secretary-general
彭博社,Peng Boshe
张宏良,Zhang Hongliang
大法,[Falun] Dafa
郑雁雄,Zheng Yanxiong
伊斯兰,Islam
东突,ETLO [East Turkestan Liberation Organization]
枪声,[sound of] gunshot
下体,nether regions
感言,testimonial
露丝,Rose [character from Internet novel Tomb of the Gods (神墓)]
公民社会,civil society
迫害,persecute
厉以宁,Li Yining
周旭洲,Zhou Xuzhou
WK,WK
微博实名,Weibo real name
党委书记,Party committee secretary
天与地,When Heaven Burns
庄烈宏,Zhuang Liehong
国际特赦,Amnesty International
汕尾,Shanwei
9.21,9.21
猝死,sudden death
薛锦波,Xue Jinbo
袭击,surprise attack
对峙,confront
乌鸦 坎坷,crow bumpy (first character in each word together are Wukan)
陆丰,Lufeng
wukan,wukan
巨乳,big breasts
豪乳,big breasts
露点,dew point
一虎八奶,One Tiger Eight Breasts
宪章,charter
老妈蹄花,Laoma Tihua (documentary by Ai Weiwei)
乌坎,Wukan
学联,student federation
乌尔,Wu'er
请用文明来说服我,please use civilzation to persuade me
占凡体,[Hu] Zhanfan style
我在美国当市长助理,I Was a Mayoral Aide in the U.S. [book title]
李群,Li Qun
元老,senior statesman
屁股,butt
洗牌,shuffle cards
 蒋彦永,Jiang Yanyong
僧人自焚,monk self-immolates
四川 事件,Sichuan event
四川 军队,Sichuan army
轮奸,gang rape
多维,Duowei (overseas media organization)
艾婶,"Aunt Ai (sounds like ""god Ai [Weiwei])"
共青团中央,Communist Youth League central authorities
习太子,Princeling Xi
习王储,Crown Prince Xi
忠党国,faithful to the party-state
垮台,fall from power
倒台,fall from power
颜色革命,color revolution
余慧文,Yu Huiwen
郑恩宠,Zheng Enchong
江氏常委,Standing Committee members surnamed Jiang
辛子陵,Xin Ziling
博讯,Boxun
带路党,Guiding Party
美分党,One-Cent Party
天葬,sky burial
吃精,eat cum
茉莉花革,Jasmine Revolution
江罗,Jiang Luo
Jasmine,Jasmine
北京+年终奖,Beijing + year-end bonus
裆中央,Central Crotch (CCP)
姬胜德,Ji Shengde
杨尚昆,Yang Shangkun
邹家华,Zou Jiahua
叶选平,Ye Xuanping
胡海青,Hu Haiqing
尉健行,Wei Jianxing
王荔蕻,Wang Lihong
冯正虎,Feng Zhenghu
王奉友,Wang Fengyou
敏感,sensitive
政治体制改革,reform of the political structure
内斗,internal struggle
裸聊,naked chat
火凤凰,FirePhoenix
八大类社会组织,eight major types of social organization
副主席,vice chairman
黑监狱,black jail
冉匪,Bandit Ran (Ran Yunfei)
政治犯,political prisoner
帮派,faction
黄色,yellow (pornographic)
八八,eight eight
外蒙,Outer Mongolia
邓朴方,Deng Pufang
北戴河会议,Beidaihe Meeting
领导层,ruling class
咪咪,titties
网评,Internet commentator
老虎庙,Tiger Temple
开枪,fire a gun
派系,faction
共党,"Common Party (middle character in ""communist party"" 共产党 removed)"
封锁,block
金黄色葡萄球菌,"[should be ""yellow"" (pornographic) 黄色]"
舒兰,Shulan
郭春平,Guo Chunping
令计划,Ling Jihua
警卫局,Security Bureau
江 亲信（词组或短语）,Jiang trusted followers
江系,Jiang system
胡系,Hu system
西安爆炸,Xi'an explosion
阳光时务,iSun Affairs
杜宪,Du Qian
薛飞,Xue Fei
雪山狮子旗,snow lion flag
军转,professional soldier
火药配方,gunpowder formula
罢运,strike
冲突,conflict
联名上书,submit a petition
艾瓜子,Melon Seed Ai [Weiwei]
第二十三条,Article Twenty-Three
艾虎,Tiger Ai [Weiwei]
艾ww,Ai ww
血染的风采,Bloodstained Glory
lama,lama
dalai,dalai
葵花籽,sunflower seeds
强暴,rape
刘先生,Mr. Liu
班子,brothel
吉林士兵,Jilin soldier
吉林战士（短语或组合）,Jilin combatant (stand-along phrase or phrase containing these words)
95式自动步枪,QBZ-95
张新岩,Zhang Xinyan
李鑫鑫,Li Xinxin
杨帆,Yang Fan
林鹏汉,Lin Penghan
携枪出逃,flee carrying a gun
正无,[meaning unknown]
异见,dissident
胡星斗,Hu Xingdou
国之利刃,Dagger of the State (novel)
弟弟睡了,little brother is asleep
高瑛,Gao Ying
fakesheji,fakesheji
刘艳萍,Liu Yanping
路青,Lu Qing
刘晓原,Liu Xiaoyuan
老艾,Old Ai
艾末末,Ai Weiwei
艾借款,Ai lend money
艾捐款,Ai donate
艾汇款,Ai remit money
aiww,aiww
七宗罪,seven deadly sins
艾债主,Creditor Ai
草场地,Caochangdi
艾神,the god Ai
幸福大街储蓄所,Happiness Avenue Savings Agency (Ai Weiwei's house)
艾虎子,Tiger Cub Ai
杜导正,Du Daozheng
韩正,Han Zheng
文化大革命,Great Cultural Revolution
tiananmen square,tiananmen square
democracy,democracy
cultural revolution,cultural revolution
culture revolution,culture revolution
CCP,CCP
JMZ,JMZ
一党专制,one-party autocracy
异议人士,dissident
异见人士,dissident
持不同政见,have different political views
丁关根,Ding Guangen
独裁,dictatorship
刘宾雁,Liu Binyan
蟹农场,Hexie Farm
蔡武,Cai Wu
夏勇,Xia Yong
盘古乐队,Punkgod
BLOOD,BLOOD
总书记,secretary-general
换届,leadership transition
抗议,protest
乱伦,incest
五毛,fifty cents
屠杀,massacre
看中国,ChinaGaze (overseas website)
CLY,CLY
陈希同,Chen Xitong
湖州抗税,Huzhou tax protest
被删除,was deleted
wenjiabao,wenjiabao
jiangzemin,jiangzemin
wubangguo,wubangguo
方励之,Fang Lizhi
亚洲周刊,Yazhou Zhoukan [Asia Weekly]
胡金滔,Hu Jintao
胡掏X,Hu TaoX
胡X掏,Hu Xtao
胡套X,Hu TaoX
胡X套,Hu Xtao
胡涛,Hu TaoX
胡X涛,Hu Xtao
胡紧X,Hu JinX
胡X紧,Hu Xjin
刘四,Liu Four
liusi,liusi
liu四,liu four
bajiu,bajiu
捌九,eight nine
八玖,eight nine
陆四,"Lu four [sounds like ""liu si"" 64]"
六肆,six four
良心犯,prisoner of conscience
瘟家保,Wen Jiabao
瘟假报,Wen Jiabao
温假报,Wen Jiabao
温夹包,Wen Jiabao
温佳宝,Wen Jiabao
贾庆,Jia Qing
胡锦X,Hu JinX
温加,Wen Add [Jia]
温家X,Wen JiaX
温宝宝,Baby Wen
德江,Dejiang
近平,Xijin
庆林,Qinglin
涛哥,Brother Tao (Hu Jintao)
家宝,Jiabao
克强,Keqiang
晓波,Xiaobo
八大,eight big [Eight Elders]
反攻大陆,counterattack on the mainland
因言获罪,punish for one's words
自由民主,freedom and democracy
赵启正,Zhao Qizheng
集会,assemble
织里,Zhili [in Huzhou]
性浪,Sex Wave [Sina]
自由光诚,free Guangcheng
要有光,let there be light
要有诚,let there be truth
冻尸骨村,Frozen Skeleton Village [Dongshigu]
东尸骨村,East Skeleton Village [Dongshigu]
东师古,Dongshigu
郭伙佳,Guo Huojia
围攻,beseige
占领中国,occupy China
占领北京,occupy Beijing
占领上海,occupy Shanghai
占领广州,occupy Guangzhou
占领西安,occupy Xi'an
占领天津,occupy Tianjin
占领重庆,occupy Chongqing
占领乌鲁木齐,occupy Urumqi
占领拉萨,occupy Lhasa
占领武汉,occupy Wuhan
占领南昌,occupy Nanchang
占领福州,occupy Fuzhou
占领南京,occupy Nanjing
占领大连,occupy Dalian
占领杭州,occupy Hangzhou
占领哈尔滨,occupy Harbin
占领成都,occupy Chengdu
占领长沙,occupy Changsha
占领呼和浩特,occupy Hohhot
占领海口,occupy Haikou
占领郑州,occupy Zhengzhou
占领长春,occupy Changchun
占领沈阳,occupy Shenyang
占领西宁,occupy Xining
占领兰州,occupy Lanzhou
占领太原,occupy Taiyuan
占领昆明,occupy Kunming
占领石家庄,occupy Shijiazhuang
占领济南,occupy Jinan
占领海口,occupy Haikou
占领南宁,occupy Nanning
占领银川,occupy Yinchuan
占领吉林,occupy Jilin
占领深圳,occupy Shenzhen
占领温州,occupy Wenzhou
占领青岛,occupy Qingdao
占领中南海,occupy Zhongnanhai
占领金融街,Occupy Wall Street
占领王府井,occupy Wangfujing
新天地,Xintiandi [in Shanghai]
长安街,Changan Avenue
西朝鲜,West Korea
洛阳性奴,Luoyang sex slave
喀什,Kashgar
低俗屠夫,Vulgar Butcher [Wu Gan]
萧瀚,Xiao Han
克拉玛依,Karamay
张澜澜,Zhang Lanlan [Zhang Xiaoxue]
胡涛,Hu [Jin]tao
坦克,tank
赖昌星,Lai Changxing
龙应台,Lung Ying-tai
双十节,Double Tenth Day (National Day of the Republic of China)
三退,"Three Leaves (Falungong pledge to leave the Party, the Communist Youth League, and the Young Pioneers)"
明慧,Minghui (Falungong website)
anal,anal
下台 ,step down [from office]
退党,leave the Party
暴政,tyranny
朋党参政,cronyism
党棍,party boss
工人党,Workers' Party
党国,party-state
胡+温,Hu + Wen
广场,square
维稳,stability maintenance
胡启立,Hu Qili
刘华清,Liu Huaqing
乔石,Qiao Shi
尉建行,Wei Jianxing
吴邦国,Wu Bangguo
九长老,Nine Elders
九常委,nine Standing Committee members
中华人民共和国,People's Republic of China
敏感瓷,sensitive porcelain
毛腊肉,Mao Cured-meat (Mao Zedong)
土共,tugong (Hong Kong supporters of the CCP)
伊斯兰教,Islam
人民报,People's Paper (overseas)
反华势力,anti-Chinese force
一九八四,nineteen eighty-four
梁光烈,Liang Guanglie
徐才厚,Xu Caihou
郭伯雄,Guo Boxiong
陈炳德,Chen Bingde
廖锡龙,Liao Xilong
王岐山,Wang Qishan
刘延东,Liu Yandong
马凯,Ma Kai
孟建柱,Meng Jianzhu
盛光祖,Sheng Guangzu
秦刚,Qin Gang
沈国放,Shen Guofang
军委,Military Commission [of the CCP]
总书记,secretary-general
国务院副总理,vice-premier of the State Council
国家副主席,vice-chairman of the country
李肇星,Li Zhaoxing
网络管理办公室,Internet Management Office
张高丽,Zhang Gaoli
刘淇,Liu Qi
孟学农,Meng Xuenong
李鸿忠,Li Hongzhong
郭金龙,Guo Jinlong
刘奇葆,Liu Qibao
非暴力不合作,non-violent non-cooperation 
穆斯林,Muslim
戴相龙,Dai Xianglong
CCAV,CCAV
蔡名照,Cai Mingzhao
江戏子,Actor Wen [Jiabao]
温影帝,Movie Star Wen [Jiabao]
陈光诚,Chen Guangcheng
滕彪,Teng Biao
谭作人,Tan Zuoren
六合彩,Mark Six
九评,Nine Commentaries
flg,flg
历史的伤口,Wound of History (song about Tiananmen Square Massacre)
学潮,student movement
民主女神,Goddess of Democracy
血染的风采,Bloodstained Glory (patriotic song)
示威,demonstrate
镇压,suppress
中国民主党,Chinese Democratic Party
支那,China
一中一台,"one China, one Taiwan"
暴乱,riot
五毛蛋,fifty-cent egg
苏晓康,Su Xiaokang
团派,Tuanpai (Communist Youth League faction)
5月35日,May 35th
普京是你爹,Putin is your daddy
特供,special supply (sounds like secret service)
方滨兴,Fang Binxing
空椅子,empty chair
坦克人,Tank Man
网监,Net inspector
真理部,Ministry of Truth
网管办,Internet Management Office
国新办,State Council Information Office
中宣部,Central Propaganda Department
共产,communist
高行健,Gao Xingjian
长平,Chang Ping
唯色,Woeser
滕彪,Teng Biao
胡佳,Hu Jia
炸弹,bomb
炸药,explosive
雷管,detonator
汪洋,Wang Yang
薄瓜瓜,Bo Guagua
发轮,falun[gong]
蒋彦永,Jiang Yanyong
迟浩田,Chi Haotian
北京当局,Beijing authorities
郑文,Zheng Wen
新京报,Beijing News
京华时报,Jinghua Times
京华,Jinghua
李登辉,Lee Teng-hui
非正常死亡,abnormal death
学潮,student movement
px,px
散步,take a walk
福佳,Fujia [Group]
大连,Dalian
敏感词,sensitive word
GFW,GFW
删帖,deleted post
新闻自由,freedom of the press
无锡招商城,Wuxi Investment City
卢俊卿,Lu Junqing
卢星宇,Lu Xingyu
王青雷,Wang Qinglei
埃及,Egypt
空椅子,empty chair
茉莉花,jasmine
爱未来,love the future
未来,future
艾未未,Ai Weiwei
未未,Weiwei
艾未,Ai Wei
艾胖子,Fatty Ai
GFW,GFW
翻墙,scale the wall
方滨兴,Fang Binxing
网监,Net inspector
网管办,Internet Management Office
国新办,State Council Information Office
真理部,Ministry of Truth
新闻联播,News Simulcast
重大新闻,Chongqing News
解放军总医院,PLA General Hospital
301,301
华东医院,Huadong Hospital
太上皇,emperor emeritus
先皇,deceased emperor
先帝,deceased emperor
三表,three watches
三表哥,Three-Watches Brother
江三表,Jiang Three-watches
三个代表,Three Represents
江,Jiang
蛤蟆,toad
癩蛤蟆,toad
心肌梗塞,myocardial infarction
脑死亡,brain death
驾崩,death of the emperor
驾鹤,"ride crane (from ""ride crane westward,"" to pass away)"
西去,"go west (from ""ride crane westward,"" to pass away)"
上船,board a ship
永垂不朽,live forever
挂了,hanged
五棵松,Wukesong [Station]
八宝山,Babaoshan [Revolutionary Cemetery]
总书记,secretary-general
军委,[Central] Military Commission
中共,CCP
政治局,politburo
常委,Party committee
前主席,former chairman
江主席,Chairman Jiang
前领导人,former leader
领导人,leader
国家大事,major national event
江核心,Jiang Core
江泽民,Jiang Zemin
江泽明,Jiang Zeming
江民,Jiang [Ze]min
泽民,Zemin
毛泽民,Mao Zemin
江爷爷,Grandpa Jiang
老江,Old Jiang
江氏,surname Jiang
姓江的,surnamed Jiang
江core,Jiang core
simple,simple
naive,naive
too simple sometimes naive,too simple sometimes naive
宋祖英,Song Zuying
辣妹子辣,spicy sister is spicy
国母,first lady
江家,Jiang family
江上青,Jiang Shangqing
江泽慧,Jiang Zehui
扬州,Yangzhou
扬州中学,Yangzhou secondary school
中南海,Zhongnanhai
江苏,Jiangsu
江西,Jiangxi
江东,Jiangdong
江北,Jiangbei
江南,Jiangnan
浙江,Zhejiang
江浙,Gnaijehz
三江县,Sanjiang County
江边,river bank
江心公园,Jiangxin Park
长江,Yangtze River
珠江,Pearl River
湘江,Xiang River
香江,Fragrant [Xiang] River
扬子江,Yangtze River
松花江,Songhua River
雅鲁藏布江,Yarlung Zangbo River
鸭绿江,Yalu River
黄浦江,Huangpu River
澜沧江,Lancang River
两江论坛,Two Rivers Forum
江中药业,Jiangzhong Pharmaceuticals
江中健胃消食片,Jiangzhong digestive pills (fake medicine)
江淮汽车,Jianghuai cars
江铃汽车,Jiangling cars
江青,Jiang Qing
江姐,Older Sister Jiang
潘长江,Pan Changjiang
江映蓉,Jiang Yingrong
江美琪,Jiang Meiqi
江若琳,Jiang Ruolin
江语晨,Jiang Yuchen
江铠同,Jiang Kaitong
江讯,Jiang Xun
欧阳夏丹,Ouyang Xiadan
六四,six four
学运,student movement
八九,eight nine
1989,1989
8964,8964
22周年,22-year anniversary
民运,democracy movement
学潮,student strike
罢课潮,wave of student strikes
祖国母亲,motherland mothers
天安门,Tiananmen
天安门母亲,Tiananmen Mothers
胡耀邦,Hu Yaobang
江泽民,Jiang Zemin
赵紫阳,Zhao Ziyang
王丹,Wang Dan
丁子霖,Ding Zilin
学生领袖,student leader
平反,redress
镇压,supress
坦克,tank
坦克人,Tank Man
示威,demonstate
5月35日,May 35th
8x8,8x8
08县长,08 county head (sounds like Charter 08)
藏独,Tibet independence
西藏独立,Tibet independence
台独,Taiwan independence
操你,f**k you
胡锦涛,Hu Jintao
温家宝,Wen Jiabao
阴道,vagina
江家帮,Jiang family gang
门徒会,Disciple Association
江端仪,Jiang Duanyi
释清海,Shi Qinghai
新抗联,New Resistance Alliance
刘晓波,Liu Xiaobo
64学运,64 student movement
64学潮,64 student strike
89学潮,89 student strike
89学运,89 student movement
89民运,89 people's movement
64运动,64 movement
89事件,89 incident
假庆淋,Fake [Jia] Qinglin
推翻共党,topple the Communist Party
阴唇被插,vulva is penetrated
中共暴政,CCP tyranny
突厥革命,Turkic revolution (Xinjiang)
三区革命,three districts revolution (Xinjiang)
开放杂志,Open Magazine
镇压图片,supress images
六四学运,Six-Four student movement
六四学潮,Six-Four student strike
八九学运,Eighty-Nine student movement
八九运动,Eighty-Nine movement
中共下台,CCP step down
打倒中共,overthrow the CCP
打倒共党,strike down the CCP
一党独裁,one-party dictatorship
团派人马,Youth League faction troops
李鹏病重,Li Peng seriously ill
胡系人马,Hu system troops
胡温政治,Hu-Wen politics
胡温政体,Hu-Wen system of government
胡温核心,Hu-Wen inner circle
胡温暴政,Hu-Wen tyranny
推翻中共,topple the CCP
中共伪政权,Communist Party puppet government
中国新民党,China New Democracy Party
天安门情人,Tiananmen Lovers (book)
消灭共产党,eliminate the Communist Party
十二个春秋,twenty springs and autumns
中南海斗争,Zhongnanhai fight
九评共产党,Nine Commentaries on the Communist Party
共产党下台,Communist Party step down
推翻共产党,topple the Communist Party
李克强接班,Li Keqiang succeed (in office)
胡温接班人,Hu-Wen successors
多维新闻网,Duowei News
到市政府请愿,go to the city government to petition
中共独裁暴政,CCP dictatorial tyranny
团派政治明星,Youth League faction political stars
胡锦涛接班人,Hu Jintao's successor
自由亚洲电台,Radio Free Asia
打倒中国共产党,overthrow the Chinese Communist Party
天安门母亲运动,Tiananmen Mothers movement
自焚,self-immolate
达赖,Dalai
示威,demonstration
刘淇,Liu Qi
绝食,to fast
吴仪,Wu Yi
共匪,communist bandit
高勤荣,Gao Qinrong
王兆国,Wang Zhaoguo
朱镕基,Zhu Rongij
太子党,princeling party
刘延东,Liu Yandong
陈光诚,Chen Guangcheng
张德江,Zhang Dejiang
退共党,quit the communist party
吴官正,Wu Guanzheng
婴儿汤,baby soup
网民党,Netizen Party
俞正声,Yu Zhengsheng
郭伯雄,Guo Boxiong
曹刚川,Cao Gangchuan
周永康,Zhou Yongkang
志愿兵,volunteer soldier
陈良宇,Chen Liangyu
习近平,Xi Jinping
李克强,Li Keqiang
江泽民,Jiang Zemin
宋祖英,Song Zuying
回良玉,Hui Liangyu
曾培炎,Zeng Peiyan
穆斯林,Muslim
一党专政,one-party dictatorship
炸弹制造,bomb manufacture
炸弹制作,bomb manufacture
出售手枪,sell handguns
亚洲时报,Asia Times
干你妈,fuck your mom
干你全家,fuck your whole family
操你妈,fuck your mom
我操,fuck me
共贪党,Commu-greed Party
胡海清,Hu Haiqing
温云松,Wen Yunsong
64事件,64 Incident
共惨党,Commu-cruel Party
真善忍,"truthfulness, compassion, forebearance"
共残党 ,Commu-crush Party
八九学潮,Eighty-Nine campus strike
六四事件,Six-Four Incident
胡温新政,Hu-Wen new policy
广场上的血,blood on the square
广场上的热血,hot blood on the square
陆肆,six four
捌玖,eight nine
游行,demonstrate
锦涛,[Hu] Jintao
胡温,Hu-Wen
胡系,Hu system
团派,Youth League faction
李鹏,Li Peng
暴动,insurrection
王丹,Wang Dan
郭泉,Guo Quan
紫阳,[Zhao] Ziyang
戒严,impose martial law
胡哥,Brother Hu
牧函,pastoral letter
九评,nine commentaries
六肆,six four
民运,democracy movement
李锐,Li Rui
中共,CCP
罢工,strike
黄菊,Huang Ju
静坐,sit-in
保钓,protect the Diaoyu Islands
曾庆红,Zeng Qinghong
令计划,Ling Jihua
上海帮,Shanghai gang
十七大,17th Party Congress
毛泽东,Mao Zedong
李长春,Li Changchun
网评员,Internet commentator
瘟家宝,Plague [Wen] Jiabao
新左派,new lefists
天安门,Tiananmen
网管办,Internet Management Office
刘云山,Liu Yunshan
邓小平,Deng Xiaoping
李源潮,Li Yuanchao
公开信,open letter
茉莉花,jasmine
十八大,18th Party Congress
中南海,Zhongnanhai
李瑞环,Li Duanhuan
贺国强,He Guoqiang
刘亚洲,Liu Yazhou
王凤友,Wang Fengyou
总书记,secretary-general
钓鱼岛,Diaoyu Islands
党产共,Ytrap Tsinummoc
权力布局,power arrangement
共产主义,communism
出售枪支,sell firearms
ZHU所生！,what ZHU gave birth to!
tai du,tai du
独立西藏,independent Tibet
阴茎,penis
周名军,Zhou Mingjun
李现原,Li Xianyuan
左不赔,"Left Don't-pay (fictional character whose name alludes to the idiom ""rather be Left than Right"" 宁左勿右)"
方寿伟,Fang Taowei
秦逊辉,Qin Sunhui
89运动,89 movement
马继深,Ma Jishen
操女人穴,fuck women's holes
人权圣火,Human Rights Torch [Relay]
涉台政局,political situation touching on Taiwan
胡曾联手,Hu and Zeng join hands
胡曾合作,Hu-Zeng cooperation
超越红墙,Beyond the Red Wall
领跑第五代,take the lead in the fifth-generation [leadership] race 
胡曾江恶斗,Hu-Zeng-Jiang battle royal
炸了证监会,bomb the China Securities Regulatory Commission
人民真实报,People's Truth Daily
全球人文纪元," Global ""New Era of Culture and Humanity"" (photography contest)"
新世纪新闻网,New Century News
毛党,[Fifty] Cent Party
高官互调,high officials swap positions
回汉纠纷,Hui-Han dispute
阳具,penis
郑存柱,Zheng Cunzhu
罗干,Luo Gan
上访,seek audience with officials
维权,rights defense
彭丽媛,Peng Liyuan
古兰经,Koran
共铲党,Shared Shovel Party
胡海峰,Hu Haifeng
法轮功,Falungong
赵紫阳,Zhao Ziyang
江绵恒,Jiang Mianheng
李洪志,Li Hongzhi
新唐人,New Tang Dynasty
大纪元,Epoch Times
零八宪章,Charter Oh-Eight
08宪章,Charter 08
吾尔开希,Wu'erkaixi
八九民运,Eighty-Nine democracy movement
六四运动,June Fourth Movement
打倒共产党,overthrow the Communist Party
预测领导人,predict leaders
柴玲,Chai Ling
魏京生,Wei Jingsheng
胡紧掏,Hu Tight-pull (Hú Jǐntāo)
温加饱,Warm Add-full (Wēn Jiābǎo)
和谐社会,harmonious society
社HUI主义,soCIALism (shèHUIzhǔyì)
中国政F,Chinese governM (Zhōngguó zhèngF)
太垃JI,tailaJI
地震,earthquake
丁磊,Ding Lei
SB,SB
cao,cao
西藏,Tibet
自由西藏,free Tibet
西藏自由,Tibet free
Tibet free,Tibet free
free Tibet,free Tibet
shit,shit
kao,kao
他妈,damn
早泄,premature ejaculation
阳痿,impotence
网易sb,NetEase sb
傻逼,stupid cunt
fuck,fuck
网易SB,NetEase SB
妈的,damn it
你老母,your old lady
你妈B,your Mom's B
你妈闭,your Mom's cunt
冚家产,curse your whole family
子宫,uterus
精子,sperm
卵子,eggs
叼,hold in the mouth
驴B,donkey B
严禁词 ,strictly forbidden words
邓不群,Outstanding Deng
金歪日,Kim Crooked-il [Kim Jong-il]
蚁力神,Yilishen [Tianxi Group]
新蜀山,New Magic Mountain
三唑仑,Triazolam
赵总理,"Prime Minister Zhao [Ziyang]
"
张阳德,Zhang Yangde
文达学,wenda studies
裤衩党,Underpants Party
茅厕洞,"Toilet Hole (Máocè Dòng, sounds like Mao Zedong)"
徐文库,Xu Wenku
张培莉,Zhang Peili
汪兆钧,Wang Zhaojun
袁依凡,Yuan Yifan
董光峰,Dong Guangfeng
安魂网,Anhun Net
刘林智,Liu Linzhi
吴向忠,Wu Xiangzhong
王建琪,Wang Jianqi
清华帮,Tsinghua Gang
邓矮子,Shorty Deng
令狐计划,cause fox plan
追查国际,investigate internationally
自由圣火,freedom oil lamp
政治老人,political elders
老人集团,group of elders
言论自由,freedom of speech
美国之音,Voice of America
仁吉旺姆,Rinzinwangmo
平反六四,redress June Fourth
统一股市,unified stock market
内争人权,internal struggle [and] human rights
领导新星,news stars of leadership
海外民运,overseas democracy movement
官场日志,daily records of officialdom
无界网络,UltraSurf
阿波罗网,ApolloNet
高官子女,children of high officials
当代八乱,today's eight disorders 
参政传奇,Romance of Political Participation
中朝翻脸,falling out among government officials
610办公室,office 610
延安日记,Yenan diary
炸掉证监会,bomb the China Securities Regulatory Commission
多党竞争,multi-party contest
军队国家化,nationalization of the military
中国自由党,China Liberal Party
博讯新闻网,Boxun News Net
钦点接班人,successors appointed to the Imperial Academy by the emperor
新八荣八耻,New Eight Honors and Eight Shames
高层权力之争,high-level power struggle
梦幻西游私服,Dream Journey to the West Private Server (role-playing game)
高干子弟名单,list of children of high-ranking candres
高官挥霍公款,high officials squander public funds
推翻中国共产党,topple the Chinese Communist Party
二\敏感词,two\sensitive word
GCD,GCD
袁鹰,Yuan Ying
喇嘛,lama
胡江,Hu-Jiang
贾甲,Jia Jia
罢饭,refuse food
罢吃,refuse to eat
普选,general election
罢餐,refuse meal
胡总,Chief Hu
罢食,refuse food
宋平,Song Ping
景涛,Jing Tao
李滨,Li Bin
老胡,Old Hu
邦国,nation
回教,Islam
王刚,Wang Gang
党禁,ban on political parties
党魁,party boss
王晨,Wang Chen
共产党,communist party
贾庆林,Jia Qinglin
大预言,great prophesy
王乐泉,Wang Lequan
辽宁帮,Liaoning gang
高智成,Gao Zhicheng
高志晟,Gao Zhisheng
马克思,Marx
王力利,Wang Lili
买手枪,buy a handgun
王志刚,Wang Zhigang
人权奖,human rights prize
华国锋,Hua Guofeng
自救会,Self-Preservation Society
毛主席,Chairman Mao
动态网,dongtaiwang
王安顺,Wang Anshun
新右派,new rightists
马志鹏,Ma Zhipeng
文字狱,literary inquisition
马列党,Marx-Lenin Party
周正毅,Zhou Zhengyi
温爷爷,Grandpa Wen
华建敏,Hua Jianmin
陈至立,Chen Zhili
桑德茲,Sang Dezi
胡书记,Secretary Hu
唐家璇,Tang Jiaxuan
大昭寺,Jokhang Temple
贺卫方,He Weifang
刘晓武,Liu Xiaowu
新闻办,State Council Information Office
李世辉,Li Shihui
陈一文,Chen Yiwen
余秋雨,Yu Qiuyu
李国谅,Li Guoliang
瀛海镇,Yinghai Township
十九年前,nineteen years ago
整肃官场,clean up officialdom
齐鲁石化,Qilu Petrochemicals
抵制奥运,boycott Olympics
三个代表,Three Represents
西藏局势,Tibet situation
维基百科,Wikipedia
BBC中文网,BBC Chinese Net
德国之声,Deutsche Welle
大赦国际,Amnesty International